Word,"Level ""CEFR"" ",Parts of Speech,Translation (Russian)
estimate,B2,verb,оценить
grip,C1,noun,сцепление
after,A1,preposition,после
assistant,A2,noun,помощник
household,B2,noun,домохозяйство
brain,A2,noun,мозг
inform,B2,verb,информировать
discard,C1,verb,отказаться от
grocery,B2,noun,бакалея
educator,C1,noun,педагог
descent,C1,noun,происхождение
composer,B2,noun,композитор
celebrate,A2,verb,праздновать
engineering,B1,noun,инженерия
gravity,C1,noun,гравитация
entrance,B1,noun,вход
infrastructure,B2,noun,инфраструктура
brand,B1,verb,заклеймить
delicious,A1,adjective,вкусный
intended,B2,adjective,предназначенный
gender,B2,noun,пол
identification,C1,noun,идентификация
custom,B1,noun,обычай
forty,A1,number,сорок
full-time,B2,adjective,штатный
always,A1,adverb,всегда
cloth,B1,noun,ткань
far,B1,adjective,далекий
install,B2,verb,установить
disadvantage,B1,noun,недостаток
exclusion,C1,noun,исключение
clearly,A2,adverb,четко
leader,A2,noun,лидер
album,B1,noun,альбом
ensue,C1,verb,возникнуть
confuse,B1,verb,путать
aspire,C1,verb,стремиться
end,A1,noun,конец
enhance,B2,verb,повысить
dominate,B2,verb,доминировать
airport,A1,noun,аэропорт
global,B1,adjective,глобальный
cheese,A1,noun,сыр
cat,A1,noun,кошка
completion,B2,noun,завершение
downtown,B2,adverb,в центре
assault,C1,verb,напасть
accommodate,B2,verb,вместить
circulation,C1,noun,кровообращение
inability,C1,noun,неспособность
detail,A1,noun,деталь
dressed,B1,adjective,одетый
complexity,C1,noun,сложность
contemporary,B2,adjective,современный
bill,A1,noun,законопроект
excuse,B2,verb,извинить
consumption,B2,noun,потребление
exhibition,B1,noun,выставка
fishing,A2,noun,рыбалка
express,A2,verb,выразить
head,A1,noun,голова
film,A2,verb,снимать
cheat,B1,noun,обман
deadline,B2,noun,срок
cool,B1,verb,охладить
emphasis,B2,noun,акцент
fruit,A1,noun,фрукт
diet,A1,noun,диета
injured,B1,adjective,раненый
just,A1,adverb,только
equivalent,B2,adjective,эквивалентный
brown,A1,adjective,коричневый
feeding,,noun,кормление
gold,A2,adjective,золотой
automatically,B2,adverb,автоматически
ashamed,B2,adjective,стыдно
guarantee,B2,noun,гарантия
determine,B1,verb,определить
alliance,C1,noun,альянс
bored,A1,adjective,скучный
jury,B2,noun,жюри
eighty,A1,number,восемьдесят
conception,C1,noun,концепция
imagery,C1,noun,изображение
buy,A1,verb,купить
average,A2,noun,показатель
attorney,C1,noun,адвокат
browser,C1,noun,браузер
heat,A2,verb,нагревать
city,A1,noun,город
eager,C1,adjective,жаждущий
ash,C1,noun,пепел
gate,A2,noun,ворота
continue,A2,verb,продолжать
guitar,A1,noun,гитара
amazing,A1,adjective,удивительный
ice cream,A1,noun,мороженое
inspire,B2,verb,вдохновлять
canal,B2,noun,канал
consent,C1,verb,соглашаться
glance,C1,noun,взгляд
crash,B2,noun,авария
landscape,B2,noun,ландшафт
following,B1,noun,следование
least,A2,determiner,меньше
engaging,C1,adjective,обаятельный
go,A1,verb,пойти
echo,C1,verb,повторять
defensive,C1,adjective,оборонительный
classification,C1,noun,классификация
councillor,C1,noun,советник
bind,C1,verb,связываться
latter,C1,adjective,последний
explain,A1,verb,объяснить
furthermore,B2,adverb,кроме того
imagine,A1,verb,представить
fund,B2,noun,фонд
army,A2,noun,армия
basis,B1,noun,основа
during,A1,preposition,во время
isolate,B2,verb,изолировать
headquarters,B2,noun,штаб
club,A1,noun,клуб
benefit,A2,noun,польза
divine,C1,adjective,божественный
efficiency,C1,noun,эффективность
copper,C1,noun,медь
east,A1,noun,восток
closure,C1,noun,закрытие
attention,A2,noun,внимание
confess,B2,verb,признаться
bat,C1,verb,бить
comply,C1,verb,соблюдать
copy,A2,verb,копировать
element,B1,noun,элемент
in,A1,adverb,во время
junior,B2,adjective,младший
communist,C1,adjective,коммунистический
foster,C1,verb,способствовать
down,A1,adverb,вниз
craft,B2,noun,ремесло
considerable,B2,adjective,значительный
hostile,C1,adjective,враждебный
again,A1,adverb,снова
cupboard,A2,noun,шкаф
alert,C1,noun,оповещение
humorous,B2,adjective,юмористический
entertaining,B2,adjective,развлекательный
bar,A2,noun,бар
commander,B2,noun,командир
intellectual,C1,noun,интеллектуал
journalist,A2,noun,журналист
discount,B1,noun,скидка
hey,A1,exclamation,эй
humanity,C1,noun,человечество
bid,B2,noun,заявка
even,B2,adjective,равный
admire,B1,verb,восхищаться
criminal,A2,noun,преступник
eight,A1,number,восемь
handy,C1,adjective,удобный
bake,B1,verb,испечь
industrial,B2,adjective,промышленный
accomplish,B2,verb,достичь
decisive,C1,adjective,решающий
hidden,B2,adjective,скрытый
detention,C1,noun,задержание
intervention,C1,noun,вмешательство
delight,B2,verb,радовать
illusion,B2,noun,иллюзия
cultural,B1,adjective,культурный
consist,B1,verb,состоять
excited,A1,adjective,рад
instruction,A2,noun,инструкция
increase,A2,noun,увеличение
burst,C1,verb,лопнуть
incredibly,B1,adverb,невероятно
jurisdiction,C1,noun,юрисдикция
helicopter,B1,noun,вертолет
acquire,B2,verb,приобрести
inequality,C1,noun,неравенство
expenditure,C1,noun,расход
distract,B2,verb,отвлечь
diminish,C1,verb,уменьшить
consult,B2,verb,обратиться к
huge,A2,adjective,огромный
inspector,B2,noun,инспектор
gain,B2,noun,выгода
downstairs,A1,adverb,внизу
amazed,B1,adjective,потрясенный
exhibit,B2,verb,демонстрировать
bike,A1,noun,велосипед
fast,A1,adjective,быстрый
candidate,B1,noun,кандидат
fine,A1,adjective,в порядке
competition,A2,noun,конкуренция
gathering,C1,noun,сбор
depth,B2,noun,глубина
environmental,B1,adjective,экологический
funding,B2,noun,финансирование
heavy,A2,adjective,тяжелый
decision,A2,noun,решение
costume,B1,noun,костюм
contrary,C1,noun,противоположность
grade,B1,noun,класс
fragile,C1,adjective,хрупкий
irrelevant,C1,adjective,неуместный
forever,B1,adverb,навсегда
email,A1,verb,написать
extract,C1,verb,извлечь
economic,B1,adjective,экономический
desire,B2,noun,желание
flood,B1,verb,затопить
artificial,B2,adjective,искусственный
exceed,B2,verb,превышать
concern,B2,verb,касаться
boy,A1,noun,мальчик
commitment,B2,noun,приверженность
evacuate,C1,verb,эвакуировать
few,A1,pronoun,немногие
farming,A2,noun,сельское хозяйство
by,B1,adverb,путем
barrel,C1,noun,баррель
artist,A1,noun,художник
lab,A2,noun,лаборатория
criticize,B2,verb,критиковать
challenge,B1,noun,вызов
layer,B1,noun,слой
blanket,B2,noun,одеяло
disappointed,B1,adjective,разочарованный
device,A2,noun,устройство
gaze,C1,noun,взгляд
conclude,B1,verb,заключить
either,A2,determiner,любой
corruption,C1,noun,коррупция
include,A1,verb,включать
continuous,B1,adjective,непрерывный
difficult,A1,adjective,трудный
correspondence,C1,noun,переписка
click,B1,verb,щелкнуть
foot,A1,noun,нога
concrete,B2,noun,бетон
compound,B2,noun,соединение
distant,B2,adjective,далекий
certificate,B2,noun,сертификат
easy,A1,adjective,простой
fuel,B2,verb,подпитывать
interview,A1,noun,интервью
address,B2,verb,решить
assessment,B2,noun,оценка
high,A1,adjective,высокий
billion,A2,number,миллиард
excuse,B2,noun,оправдание
crown,C1,noun,корона
feedback,B2,noun,отзыв
cure,B2,noun,лечение
guidance,C1,noun,руководство
basic,B1,adjective,основной
invoke,C1,verb,ссылаться на
dinner,A1,noun,ужин
advantage,A2,noun,преимущество
flying,A2,adjective,летающий
conspiracy,B2,noun,заговор
centre,B1,verb,центрировать
evening,A1,noun,вечер
consumer,B1,noun,потребитель
educate,B1,verb,воспитывать
copy,A2,noun,копия
cap,B1,noun,шапка
expense,B2,noun,счет
doctor,A1,noun,врач
directly,B1,adverb,непосредственно
back,A2,adjective,задний
goodbye,A1,exclamation,пока
fabric,B2,noun,ткань
control,A2,verb,контролировать
cultivate,C1,verb,культивировать
box,A1,noun,коробка
frequency,B2,noun,частота
house,B2,verb,разместить
equal,B1,verb,равняться
cousin,A1,noun,кузен
embarrassed,B1,adjective,смущенный
allegation,C1,noun,утверждение
deficiency,C1,noun,дефицит
conflict,B2,verb,конфликтовать
forget,A1,verb,забыть
bath,A1,noun,ванна
abroad,A2,adverb,за рубежом
interval,B2,noun,интервал
agree,A1,verb,согласиться
false,A1,adjective,ложный
effort,B1,noun,усилие
cannot,A1,modal verb,не мочь
firefighter,B2,noun,пожарный
foundation,B2,noun,фонд
connected,A2,adjective,связанный
change,A1,verb,изменить
ban,B1,noun,запрет
cruel,B1,adjective,жестокий
analyst,B2,noun,аналитик
catch,B2,noun,улов
camping,A2,noun,кемпинг
banner,C1,noun,баннер
bit,A2,noun,бит
drain,C1,verb,слить
grow,A1,verb,растить
elementary,B2,adjective,элементарный
dense,C1,adjective,плотный
bear,A2,noun,медведь
fairness,C1,noun,справедливость
leave,B2,noun,отпуск
harassment,C1,noun,домогательство
decoration,B2,noun,украшение
explicitly,C1,adverb,явно
acute,C1,adjective,острый
entirely,B2,adverb,полностью
downtown,B2,adjective,центральный
condemn,C1,verb,осуждать
incorrect,B2,adjective,неправильный
digital,A2,adjective,цифровой
cafe,A1,noun,кафе
group,A1,noun,группа
gun,A2,noun,пистолет
differently,A2,adverb,по-разному
final,A2,noun,финал
enthusiastic,B2,adjective,восторженный
effectively,B1,adverb,эффективно
hide,A2,verb,скрывать
debris,C1,noun,мусор
distribution,B2,noun,распределение
broadband,C1,noun,широкополосная связь
forthcoming,C1,adjective,предстоящий
director,A2,noun,директор
greenhouse,B2,noun,теплица
fold,B1,verb,сложить
due,B1,adjective,должный
biology,A2,noun,биология
inflict,C1,verb,нанести
drink,A1,verb,пить
desk,A1,noun,стол
analyse,B1,verb,анализировать
equip,B2,verb,оснастить
correct,A1,adjective,правильный
context,A2,noun,контекст
best,A2,noun,все возможное
compulsory,B2,adjective,обязательный
bizarre,C1,adjective,странный
differentiate,C1,verb,дифференцировать
directory,C1,noun,каталог
commission,B2,verb,заказать
display,B2,verb,отображать
education,A2,noun,образование
evoke,C1,verb,вызывать
audio,B2,adjective,аудио
before,A2,conjunction,прежде чем
crazy,A2,adjective,сумасшедший
concentrate,B1,verb,сосредоточиться
inner,B2,adjective,внутренний
aspiration,C1,noun,стремление
divide,B1,verb,разделить
how,A1,adverb,как
albeit,C1,conjunction,хоть и
large,A1,adjective,большой
argument,A2,noun,аргумент
else,A1,adverb,еще
guide,A2,verb,направлять
immigration,B2,noun,иммиграция
found,B2,verb,найти
deposit,B2,noun,депозит
involved,B1,adjective,участвующий
illustrate,B2,verb,иллюстрировать
borrow,A2,verb,одолжить
altogether,B2,adverb,вообще
broadcaster,B2,noun,телекомпания
go,B1,noun,попытка
laugh,A1,noun,смех
instead,A2,adverb,вместо
broadly,B2,adverb,широко
apple,A1,noun,яблоко
highlight,B1,noun,изюминка
imaginary,B1,adjective,воображаемый
door,A1,noun,дверь
excessive,B2,adjective,чрезмерный
contain,A2,verb,содержать
lately,B2,adverb,в последнее время
desert,A2,noun,пустыня
intriguing,C1,adjective,интригующий
advertisement,A2,noun,реклама
capture,B2,verb,захватить
decline,B2,verb,снижаться
football,A1,noun,футбол
fear,B1,verb,бояться
contest,B2,verb,оспаривать
courage,B2,noun,мужество
expedition,B1,noun,экспедиция
disappear,A2,verb,исчезнуть
boat,A1,noun,лодка
challenge,B2,verb,оспорить
cancel,B2,verb,отменить
eternal,C1,adjective,вечный
countryside,B1,noun,деревня
double,A2,verb,удвоить
comfort,B2,verb,утешить
here,A1,adverb,здесь
fixed,B1,adjective,фиксированный
attempt,B2,noun,попытка
coach,A2,noun,тренер
intelligence,B1,noun,интеллект
electrical,A2,adjective,электрический
canvas,C1,noun,холст
crash,B2,verb,рухнуть
intensify,C1,verb,активизировать
be,A1,auxiliary verb,быть
implication,B2,noun,последствие
aftermath,C1,noun,последствие
contrary,C1,adjective,противоположный
charge,B1,verb,взимать
advocate,C1,noun,адвокат
fulfil,B2,verb,выполнять
drama,A2,noun,драма
cleaning,,noun,очистка
fight,A2,verb,бороться
evaluate,B2,verb,оценить
immune,B2,adjective,иммунный
civilian,C1,adjective,гражданский
department,A2,noun,департамент
indirect,B1,adjective,косвенный
crucial,B2,adjective,важный
ingredient,B1,noun,ингредиент
investigation,B2,noun,расследование
inadequate,C1,adjective,неадекватный
horrible,B1,adjective,ужасный
diversity,B2,noun,разнообразие
concentration,B2,noun,концентрация
bacteria,B2,noun,бактерии
arguably,C1,adverb,возможно
escalate,C1,verb,перерасти
fine,C1,noun,штраф
competitor,B1,noun,конкурент
comparative,B2,adjective,сравнительный
clerk,B2,noun,клерк
coordinate,C1,verb,координировать
everyday,A2,adjective,повседневный
agriculture,B2,noun,сельское хозяйство
largely,B2,adverb,в основном
incident,B2,noun,инцидент
founder,B2,noun,основатель
film-maker,C1,noun,режиссер
biological,B2,adjective,биологический
counter,B2,noun,счетчик
discretion,C1,noun,усмотрение
flour,B1,noun,мука
donor,C1,noun,донор
another,A1,determiner,еще один
goodbye,A1,noun,прощание
generation,B1,noun,поколение
forecast,B2,noun,прогноз
employer,A2,noun,работодатель
beside,B2,preposition,рядом с
absurd,C1,adjective,абсурдный
infer,B2,verb,сделать вывод
density,C1,noun,плотность
dare,B2,verb,сметь
deck,B2,noun,палуба
fun,A1,noun,веселье
conservative,B2,noun,консерватор
fade,C1,verb,исчезать
along,A2,adverb,вместе
accompany,B2,verb,сопровождать
hatred,C1,noun,ненависть
contact,B1,noun,контакт
aged,B1,adjective,старый
cope,B2,verb,справиться
adult,A1,noun,взрослый
cry,B2,noun,крик
fashionable,B1,adjective,модный
displace,C1,verb,вытеснить
international,A2,adjective,международный
disruption,C1,noun,нарушение
incidence,C1,noun,заболеваемость
haunt,C1,verb,преследовать
alter,B2,verb,изменить
burn,A2,verb,сжечь
from,A1,preposition,от
essence,C1,noun,суть
award,B1,verb,присуждать
domestic,B2,adjective,внутренний
joke,A2,noun,шутка
accelerate,C1,verb,ускорить
interrupt,B2,verb,прерывать
gym,A1,noun,спортзал
cooker,A2,noun,плита
empower,C1,verb,позволить
beneficiary,C1,noun,бенефициар
between,A1,preposition,между
aim,B1,noun,цель
fresh,A2,adjective,свежий
cause,A2,verb,вызывать
driving,C1,adjective,движущий
dance,A1,noun,танец
kick,B1,verb,надрать
frighten,B1,verb,пугать
injection,C1,noun,инъекция
dairy,B2,adjective,молочный
hill,A2,noun,холм
capitalism,C1,noun,капитализм
deposit,C1,verb,внести
congressional,C1,adjective,конгрессный
additional,B2,adjective,дополнительный
finding,B2,noun,поиск
compromise,C1,verb,поставить под угрозу
hero,A2,noun,герой
apart,B1,adverb,друг от друга
devise,C1,verb,разработать
her,A1,determiner,ее
confirmation,C1,noun,подтверждение
block,B1,noun,блок
elevate,C1,verb,поднять
greet,A2,verb,приветствовать
change,A1,noun,изменение
detective,A2,noun,детектив
apparatus,C1,noun,аппарат
impressive,B1,adjective,впечатляющий
gene,B2,noun,ген
aids,B2,noun,пособия
describe,A1,verb,описать
laboratory,B1,noun,лаборатория
inmate,C1,noun,заключенный
bless,C1,verb,благословить
flow,B1,verb,течь
aide,C1,noun,помощник
council,B2,noun,совет
advice,A1,noun,совет
bishop,C1,noun,епископ
governance,C1,noun,управление
big,A1,adjective,большой
firearm,C1,noun,огнестрельное оружие
another,A1,pronoun,другой
flood,B1,noun,наводнение
echo,C1,noun,эхо
bullet,B2,noun,пуля
dictator,C1,noun,диктатор
excess,C1,noun,избыток
engage,B2,verb,заниматься
charming,B2,adjective,очаровательный
cut,A1,verb,сократить
fifty,A1,number,пятьдесят
bug,B2,noun,ошибка
dilemma,C1,noun,дилемма
chat,A2,noun,чат
blog,A1,noun,блог
backwards,B1,adverb,назад
blow,B2,noun,удар
bottle,A1,noun,бутылка
glance,C1,verb,взглянуть
film,A1,noun,фильм
bread,A1,noun,хлеб
heritage,C1,noun,наследие
except,B1,conjunction,кроме
curly,A2,adjective,вьющийся
glove,B1,noun,перчатка
arise,B2,verb,возникать
insect,A2,noun,насекомое
depressed,B2,adjective,подавленный
dull,B2,adjective,скучный
columnist,C1,noun,обозреватель
brave,B1,adjective,смелый
clothes,A1,noun,одежда
beautiful,A1,adjective,красивый
acquisition,C1,noun,приобретение
bay,C1,noun,залив
discipline,B2,noun,дисциплина
exert,C1,verb,оказывать
headline,B1,noun,заголовок
impress,B2,verb,впечатлить
internal,B2,adjective,внутренний
drought,B2,noun,засуха
concerned,B2,adjective,заинтересованный
classify,B2,verb,классифицировать
fleet,C1,noun,флот
accuracy,B2,noun,точность
leadership,B2,noun,руководство
cold,A1,noun,холод
dress,A1,noun,платье
any,A2,adverb,как-либо
dimension,C1,noun,измерение
cover,B1,noun,покрытие
command,B2,verb,командовать
dispose,C1,verb,избавиться
input,B2,noun,ввод
attitude,B1,noun,отношение
final,A1,adjective,окончательный
hat,A1,noun,шляпа
each,A1,adverb,каждый
employee,A2,noun,сотрудник
convince,B1,verb,убедить
enthusiasm,B2,noun,энтузиазм
diplomatic,C1,adjective,дипломатический
enquire,C1,verb,узнать
fortunately,A2,adverb,к счастью
delegation,C1,noun,делегация
discourage,B2,verb,препятствовать
five,A1,number,пять
first,A2,noun,начало
bend,B1,verb,согнуть
comment,A2,noun,комментарий
argue,A2,verb,утверждать
fit,A2,verb,подходить
investor,B2,noun,инвестор
compel,C1,verb,заставить
formal,A2,adjective,формальный
colour,A1,noun,цвет
funeral,C1,noun,похороны
help,A1,noun,помощь
heating,B1,noun,отопление
emergency,B1,noun,чрезвычайное положение
cable,B2,noun,кабель
dot,B2,noun,точка
backing,C1,noun,поддержка
fatal,C1,adjective,смертельный
exist,A2,verb,существовать
hour,A1,noun,час
buffer,C1,noun,буфер
failed,B2,adjective,неудачный
ignorance,C1,noun,невежество
ankle,A2,noun,лодыжка
fat,A1,adjective,жировой
inside,A2,adjective,внутренний
interior,C1,noun,интерьер
deadly,B2,adjective,смертельный
embarrassment,C1,noun,смущение
broken,A2,adjective,разбитый
array,C1,noun,массив
accordance,C1,noun,соответствие
fundraising,C1,noun,сбор средств
ball,A1,noun,мяч
involvement,C1,noun,участие
jump,A2,noun,прыжок
expire,C1,verb,истекать
confusing,B2,adjective,запутанный
correct,A1,verb,исправить
accumulate,C1,verb,накапливаться
brand,B1,noun,бренд
essay,A2,noun,эссе
client,B1,noun,клиент
accordingly,C1,adverb,соответственно
hit,A2,verb,ударить
dramatically,B2,adverb,резко
fare,B2,noun,тариф
ethical,B2,adjective,этический
advance,B2,noun,продвижение
diagram,B1,noun,диаграмма
bite,B1,verb,укусить
arms,B2,noun,оружие
drawing,A2,noun,рисунок
anybody,A2,pronoun,никто
innovative,B2,adjective,инновационный
hand,A1,noun,рука
coast,A2,noun,побережье
email,A1,noun,электронная почта
first,A1,determiner,первый
hunt,B1,verb,охотиться
grant,B2,verb,предоставить
hell,B2,noun,ад
congregation,C1,noun,конгрегация
issue,B2,verb,выдавать
flash,B2,noun,вспышка
choir,B2,noun,хор
demonstrate,B2,verb,продемонстрировать
cabin,B2,noun,кабина
income,B2,noun,доход
i,A1,pronoun,я
clue,B1,noun,подсказка
every,A1,determiner,каждый
daughter,A1,noun,дочь
curved,B2,adjective,изогнутый
dream,A2,noun,мечта
honesty,B2,noun,честность
criterion,B2,noun,критерий
being,B2,noun,существо
bird,A1,noun,птица
ignore,B1,verb,игнорировать
blank,A2,adjective,пустой
incredible,A2,adjective,невероятный
annoy,B1,verb,раздражать
convenient,B1,adjective,удобный
fantastic,A1,adjective,фантастический
label,B1,noun,лейбл
disturbing,C1,adjective,тревожный
innocent,B1,adjective,невинный
incentive,B2,noun,стимул
footage,C1,noun,кадр
conflict,B2,noun,конфликт
appeal,B2,verb,обжаловать
chapter,B1,noun,глава
fee,B2,noun,плата
indication,B2,noun,указание
development,B1,noun,развитие
diagnose,C1,verb,диагностировать
academic,B2,noun,академик
creative,A2,adjective,творческий
birthday,A1,noun,день рождения
future,A1,noun,будущее
generally,B1,adverb,как правило
harvest,C1,verb,собирать
fame,B2,noun,слава
environment,A2,noun,окружающая среда
integrate,B2,verb,интегрировать
collect,A2,verb,собирать
conference,A2,noun,конференция
grant,B2,noun,грант
cancer,B2,noun,рак
half,A1,noun,половина
function,B2,verb,функционировать
helpful,A2,adjective,полезный
in,A1,preposition,в
desert,B2,verb,покинуть
analysis,B1,noun,анализ
friday,A1,noun,пятница
introduction,A2,noun,введение
half,A1,pronoun,половина
artwork,B2,noun,произведение искусства
judge,B1,noun,судья
county,B2,noun,округ
contract,B2,verb,сокращаться
clinical,C1,adjective,клинический
assure,B2,verb,заверить
can,A2,noun,банка
equal,B1,adjective,равный
cooperative,C1,adjective,кооперативный
cheek,B2,noun,щека
lawyer,A2,noun,адвокат
chief,B2,noun,начальник
glory,C1,noun,слава
illegal,B1,adjective,незаконный
factory,A2,noun,завод
careful,A2,adjective,осторожный
blend,C1,verb,сочетаться
accept,A2,verb,принять
disappoint,B2,verb,разочаровать
bite,B1,noun,укус
anyone,A1,pronoun,никто
evil,B2,noun,зло
definitely,A2,adverb,определенно
folk,B1,noun,люди
fabulous,B2,adjective,сказочный
instructor,A2,noun,инструктор
hire,B1,verb,нанять
impression,B1,noun,впечатление
learn,A1,verb,узнать
departure,B1,noun,отъезд
interactive,C1,adjective,интерактивный
civilization,B2,noun,цивилизация
elect,B2,verb,избрать
his,A1,determiner,его
exchange,B1,noun,обмен
actual,B2,adjective,фактический
check,A2,noun,проверка
allowance,C1,noun,пособие
appointment,B1,noun,назначение
ad,B1,noun,реклама
cease,C1,verb,прекратить
cult,C1,noun,культ
festival,A1,noun,фестиваль
evaluation,B2,noun,оценка
comment,B1,verb,комментировать
conservative,B2,adjective,консервативный
adjustment,C1,noun,корректировка
chop,B2,verb,рубить
accident,A2,noun,авария
intervene,C1,verb,вмешаться
count,B1,noun,граф
assistance,B2,noun,помощь
favourite,A1,adjective,любимый
lead,A2,verb,привести
horse,A1,noun,лошадь
cup,A1,noun,чашка
independent,A2,adjective,независимый
appropriate,B2,adjective,соответствующий
cruise,B2,noun,круиз
institutional,C1,adjective,институциональный
escape,B1,noun,побег
annually,B2,adverb,ежегодно
conclusion,B1,noun,заключение
existence,B2,noun,существование
auction,B2,noun,аукцион
contribute,B2,verb,способствовать
anxiety,B2,noun,тревога
boil,A2,verb,кипятить
complicated,B2,adjective,сложный
executive,B2,noun,руководитель
fluid,C1,noun,жидкость
injustice,C1,noun,несправедливость
leap,C1,noun,скачок
benchmark,C1,noun,эталон
hard,A1,adverb,трудно
deployment,C1,noun,развертывание
applicable,C1,adjective,применимый
app,A2,noun,приложение
battle,B2,verb,сражаться
exposure,B2,noun,воздействие
accused,C1,noun,обвиняемый
anything,A1,pronoun,ничего
cross,A2,verb,пересечь
flourish,C1,verb,процветать
confront,C1,verb,противостоять
arrival,B1,noun,прибытие
heat,A2,noun,тепло
attachment,B2,noun,привязанность
carve,C1,verb,вырезать
dirt,B1,noun,грязь
grass,A2,noun,трава
hate,B1,noun,ненависть
factor,A2,noun,фактор
its,A1,determiner,его
folding,B2,adjective,складной
classic,B2,adjective,классический
clarity,C1,noun,ясность
dose,C1,noun,доза
documentation,C1,noun,документация
approach,B2,noun,подход
chronic,C1,adjective,хронический
family,A1,adjective,семейный
bridge,A2,noun,мост
fear,A2,noun,страх
contend,C1,verb,утверждать
hierarchy,C1,noun,иерархия
communicate,A2,verb,общаться
healthy,A1,adjective,здоровый
choose,A1,verb,выбрать
firstly,A2,adverb,во-первых
fascinating,B1,adjective,увлекательный
complete,A1,verb,завершить
endure,C1,verb,терпеть
gaze,C1,verb,смотреть
add,A1,verb,добавить
food,A1,noun,пища
adventure,A2,noun,приключение
gang,B2,noun,банда
denial,C1,noun,отрицание
breast,B2,noun,грудь
alike,C1,adverb,так
average,B1,verb,составлять в среднем
attractive,A2,adjective,привлекательный
creature,B2,noun,существо
casualty,C1,noun,жертва
faculty,C1,noun,факультет
afterwards,B2,adverb,после этого
gaming,B2,noun,игра
deliver,B1,verb,доставить
calm,B1,verb,успокоить
concession,C1,noun,концессия
content,C1,adjective,довольный
executive,B2,adjective,исполнительный
document,A2,noun,документ
inside,A2,adverb,внутри
experienced,B1,adjective,опытный
extend,B2,verb,продлить
importance,B1,noun,важность
commercial,B1,adjective,коммерческий
electoral,C1,adjective,избирательный
accessible,C1,adjective,доступный
drunk,B1,adjective,пьяный
ironic,C1,adjective,ироничный
equation,C1,noun,уравнение
grandfather,A1,noun,дед
encompass,C1,verb,охватывать
launch,B2,verb,запустить
adapt,B2,verb,адаптироваться
day,A1,noun,день
following,B2,preposition,после
hint,C1,verb,намекать
disturb,B2,verb,беспокоить
knee,A2,noun,колено
care,A2,verb,заботиться
ceiling,B1,noun,потолок
blue,A1,noun,синь
coloured,B1,adjective,цветной
epidemic,C1,noun,эпидемия
both,A1,pronoun,оба
disappointment,B2,noun,разочарование
complex,B2,noun,комплекс
guess,A1,noun,предположение
commit,B1,verb,совершать
discount,B2,verb,сбрасывать со счетов
alarm,B2,verb,тревожить
ambitious,B1,adjective,амбициозный
consent,C1,noun,согласие
devote,B2,verb,посвятить
decorate,B1,verb,украсить
crush,C1,verb,раздавить
abundance,C1,noun,изобилие
ban,B1,verb,запретить
bad,A1,adjective,плохой
blame,B2,verb,винить
fold,B2,noun,раз
inch,B2,noun,дюйм
genre,B2,noun,жанр
height,A2,noun,высота
close,B2,noun,закрытие
lead,B1,noun,свинец
compile,C1,verb,составить
detection,C1,noun,обнаружение
data,A2,noun,данные
broadcast,B2,noun,трансляция
kitchen,A1,noun,кухня
abuse,C1,noun,злоупотребление
indictment,C1,noun,обвинение
hair,A1,noun,волос
anywhere,A2,adverb,везде
carrot,A1,noun,морковь
growth,B1,noun,рост
examination,B2,noun,обследование
divorce,B2,noun,развод
cry,A2,verb,плакать
close,B1,adverb,близко
dangerous,A1,adjective,опасный
including,A2,preposition,включая
cigarette,A2,noun,сигарета
bone,A2,noun,кость
command,B2,noun,командование
head,B1,verb,отправиться
father,A1,noun,отец
february,A1,noun,февраль
collection,B1,noun,коллекция
indulge,C1,verb,предаваться
hope,A2,noun,надежда
electric,A2,adjective,электрический
blend,C1,noun,смесь
charity,A2,noun,благотворительность
expression,A2,noun,выражение
incur,C1,verb,нести
cast,B2,noun,актерский состав
instant,B2,adjective,мгновенный
bold,B2,adjective,смелый
female,A2,noun,женщина
documentary,B1,noun,документальный фильм
convincing,B2,adjective,убедительный
clip,B2,noun,клип
for,A1,preposition,за
however,A1,adverb,однако
cluster,C1,noun,кластер
feminist,C1,noun,феминистка
article,A1,noun,статья
contract,B2,noun,контракт
connection,B1,noun,связь
degree,A2,noun,степень
inspiration,C1,noun,вдохновение
frightening,B1,adjective,пугающий
embark,C1,verb,начать
enemy,B1,noun,враг
informal,A2,adjective,неофициальный
configuration,C1,noun,конфигурация
double,A2,determiner,двойной
chef,A2,noun,шеф-повар
duo,C1,noun,дуэт
extra,B1,noun,доплата
immigrant,B1,noun,иммигрант
adolescent,C1,noun,подросток
claim,B1,noun,претензия
attendance,C1,noun,посещаемость
absorb,B2,verb,поглощать
interface,C1,noun,интерфейс
among,A2,preposition,между
banana,A1,noun,банан
destruction,B2,noun,уничтожение
alcohol,B1,noun,алкоголь
compete,A2,verb,конкурировать
husband,A1,noun,муж
frankly,C1,adverb,честно говоря
high-profile,C1,adjective,громкий
angle,B2,noun,угол
casual,B2,adjective,случайный
comfort,B2,noun,комфорт
apparently,B2,adverb,по-видимому
death,A2,noun,смерть
hobby,A1,noun,хобби
convinced,B2,adjective,убежденный
fighting,B1,noun,бой
adoption,C1,noun,принятие
defeat,B2,verb,победить
carry,A1,verb,нести
capitalist,C1,adjective,капиталистический
a,A1,indefinite article,неопределённый артикль
important,A1,adjective,важный
handle,B2,noun,ручка
disposal,C1,noun,утилизация
breathe,B1,verb,дышать
dissolve,C1,verb,растворяться
either,A2,adverb,тоже
experimental,C1,adjective,экспериментальный
excellent,A2,adjective,отличный
eastern,B1,adjective,восточный
cheer,B2,noun,радость
ironically,C1,adverb,по иронии судьбы
date,A1,noun,дата
enquiry,B2,noun,запрос
current,B2,noun,ток
contention,C1,noun,утверждение
bother,B1,verb,беспокоить
freeze,B1,verb,заморозить
absolutely,B1,adverb,абсолютно
breach,C1,verb,нарушать
few,A1,determiner,мало
brush,A2,noun,кисть
amateur,C1,adjective,любительский
himself,A2,pronoun,себя
bottom,A2,noun,дно
balance,B1,noun,баланс
adjacent,C1,adjective,прилегающий
inevitably,B2,adverb,неизбежно
inspect,C1,verb,осмотреть
flame,B2,noun,пламя
amount,B2,verb,составлять
angel,C1,noun,ангел
edition,B2,noun,издание
applicant,B2,noun,заявитель
harsh,C1,adjective,суровый
driving,A2,noun,вождение
interested,A1,adjective,заинтересованный
chunk,C1,noun,кусок
deprive,C1,verb,лишить
homeless,B2,adjective,бездомный
indeed,B1,adverb,действительно
dive,B2,verb,погрузиться
confident,B1,adjective,уверенный
abortion,C1,noun,аборт
build,A1,verb,построить
aside,B2,adverb,в сторону
clever,A2,adjective,умный
grateful,B1,adjective,благодарный
invisible,C1,adjective,невидимый
glass,A1,noun,стекло
disability,B2,noun,инвалидность
fairly,B1,adverb,довольно
behave,A2,verb,вести себя
learning,A2,noun,обучение
forgive,B2,verb,простить
double,A2,adjective,двойной
culture,A1,noun,культура
conscience,C1,noun,совесть
execution,C1,noun,исполнение
amend,C1,verb,изменить
illustration,B2,noun,иллюстрация
last,A2,noun,конец
establishment,C1,noun,учреждение
alert,C1,adjective,бдительный
continually,C1,adverb,постоянно
chase,B2,noun,погоня
feather,B2,noun,перо
fail,A2,verb,терпеть неудачу
administrative,C1,adjective,административный
dog,A1,noun,собака
exclusively,C1,adverb,исключительно
institution,B2,noun,учреждение
application,B1,noun,применение
insertion,C1,noun,вставка
dozen,B2,noun,дюжина
instantly,B2,adverb,мгновенно
dependence,C1,noun,зависимость
adhere,C1,verb,придерживаться
join,A1,verb,присоединиться к
architect,A2,noun,архитектор
back,A1,noun,спина
democracy,B2,noun,демократия
chicken,A1,noun,курица
empty,B1,verb,пустовать
constituency,C1,noun,избирательный округ
affair,B2,noun,роман
failure,B2,noun,неудача
cloud,A2,noun,облако
familiar,B1,adjective,знакомый
defeat,B2,noun,поражение
boast,C1,verb,похвастаться
company,A1,noun,компания
icon,B2,noun,икона
damage,B1,verb,повредить
heaven,B2,noun,небо
associate,B2,verb,ассоциировать
green,A1,adjective,зеленый
celebration,B1,noun,празднование
doubt,B1,verb,сомневаться
defence,B2,noun,оборона
debate,B2,noun,дебаты
dish,A1,noun,блюдо
engineer,A2,noun,инженер
exception,B2,noun,исключение
battery,B1,noun,батарея
coverage,B2,noun,охват
first,A1,ordinal number,первый
campaign,B1,verb,агитировать
behind,A1,adverb,позади
interest,A1,verb,заинтересовать
experiment,A2,noun,эксперимент
beat,B2,noun,ритм
dry,A2,verb,высохнуть
guy,A2,noun,парень
asset,B2,noun,актив
architecture,A2,noun,архитектура
dominance,C1,noun,доминирование
core,B2,adjective,основной
crowded,A2,adjective,переполненный
gradually,B2,adverb,постепенно
breach,C1,noun,нарушение
dentist,A2,noun,стоматолог
comprehensive,B2,adjective,всеобъемлющий
hand,B1,verb,передать
gay,B2,adjective,однополый
finally,A2,adverb,наконец
dam,C1,noun,плотина
imprison,C1,verb,заключить
jail,B2,verb,посадить
create,A1,verb,создать
goal,A2,noun,цель
answer,A1,verb,ответить на
bare,C1,adjective,голый
chamber,C1,noun,палата
balloon,B2,noun,воздушный шар
all,A1,determiner,все
guard,B1,verb,охранять
ideological,C1,adjective,идеологический
attraction,B1,noun,достопримечательность
contempt,C1,noun,презрение
instinct,C1,noun,инстинкт
eventually,B1,adverb,в конце концов
beyond,B2,preposition,за пределами
bent,B2,adjective,согнутый
gain,B2,verb,получить
each,A1,pronoun,все
housing,B2,noun,жилье
bedroom,A1,noun,спальня
disagree,A2,verb,не соглашаться
extra,A1,adjective,дополнительный
container,B1,noun,контейнер
after,A2,conjunction,после того как
chief,B2,adjective,главный
carefully,A2,adverb,тщательно
across,A1,adverb,через
keyboard,B1,noun,клавиатура
discover,A2,verb,обнаружить
example,A1,noun,пример
ancient,A2,adjective,древний
hear,A1,verb,слышать
economist,B2,noun,экономист
influential,C1,adjective,влиятельный
into,A1,preposition,в
aid,B2,noun,помощь
behaviour,A2,noun,поведение
bill,B2,verb,выставлять счет
import,B1,verb,импортировать
chemical,B1,noun,химикат
job,A1,noun,работа
author,A2,noun,автор
archive,C1,noun,архив
least,A2,pronoun,наименьшее количество
grandparent,A1,noun,прародитель
conviction,C1,noun,убеждение
anonymous,C1,adjective,анонимный
code,A2,noun,кодекс
graduate,B1,verb,окончить
fix,B2,noun,исправление
interest,A1,noun,интерес
collector,B2,noun,коллекционер
crime,A2,noun,преступление
access,B1,noun,доступ
deliberate,B2,adjective,преднамеренный
electricity,A2,noun,электроэнергия
as,A2,conjunction,поскольку
funny,A1,adjective,смешной
ceremony,B1,noun,церемония
healthcare,B2,noun,здравоохранение
knock,A2,verb,стучать
buck,C1,noun,бак
index,B2,noun,индекс
exercise,A1,verb,осуществлять
early,A1,adverb,рано
intend,B1,verb,собираться
gather,B1,verb,собрать
celebrity,A2,noun,знаменитость
consistently,B2,adverb,последовательно
fixture,C1,noun,прибор
east,A1,adverb,восточнее
apparent,B2,adjective,очевидный
cream,A1,noun,крем
board,B1,verb,сесть
escape,B1,verb,избежать
initiate,C1,verb,инициировать
disease,A2,noun,заболевание
amid,C1,preposition,в условиях
be,A1,verb,быть
capital,A1,noun,столица
hello,A1,noun,привет
exchange,B1,verb,обмениваться
behind,A1,preposition,за спиной
boot,A1,noun,загрузка
grey,A1,noun,серый цвет
concern,B2,noun,озабоченность
bulk,C1,noun,большая часть
hydrogen,C1,noun,водород
frequent,B2,adjective,частый
cautious,C1,adjective,осторожный
await,C1,verb,ждать
collision,C1,noun,столкновение
immense,C1,adjective,огромный
crew,B2,noun,экипаж
inclined,C1,adjective,склонный
cash,A2,noun,наличные
introduce,A1,verb,ввести
birth,A2,noun,рождение
consideration,B2,noun,рассмотрение
fish,A2,verb,ловить рыбу
accidentally,B2,adverb,случайно
boring,A1,adjective,скучный
hurt,A2,adjective,раненый
apartment,A1,noun,квартира
cemetery,C1,noun,кладбище
circumstance,B2,noun,обстоятельство
he,A1,pronoun,он
blank,A2,noun,бланк
closely,B2,adverb,тесно
diary,A2,noun,дневник
desperate,B2,adjective,отчаянный
cell,B2,noun,клетка
equally,B1,adverb,одинаково
iron,B1,verb,гладить
cycle,A2,verb,ездить на велосипеде
any more,A2,adverb,больше
deep,B1,adverb,глубоко
extensively,B2,adverb,широко
angry,A1,adjective,злой
generate,B2,verb,генерировать
joint,B2,noun,сустав
hollow,B2,adjective,полый
face,B1,verb,сталкиваться с
complement,C1,verb,дополнять
furious,B2,adjective,яростный
difficulty,B1,noun,трудность
acid,B2,noun,кислота
anywhere,A2,pronoun,где-нибудь
dark,A1,adjective,темный
late,A1,adjective,поздний
inherit,B2,verb,наследовать
commission,B2,noun,комиссия
individual,A2,noun,человек
keen,B1,adjective,острый
encounter,B2,verb,сталкиваться с
january,A1,noun,январь
elephant,A1,noun,слон
dirty,A1,adjective,грязный
greatly,B2,adverb,значительно
ideology,C1,noun,идеология
derive,B2,verb,получать
enormous,A2,adjective,огромный
consultation,C1,noun,консультация
editor,B1,noun,редактор
general,A2,adjective,общий
capacity,B2,noun,потенциал
exceptional,C1,adjective,исключительный
default,C1,noun,дефолт
impact,B1,noun,влияние
compensation,C1,noun,компенсация
hockey,A2,noun,хоккей
internet,A1,noun,интернет
conduct,B2,verb,проводить
landing,B2,noun,посадка
appealing,C1,adjective,привлекательный
gentle,B1,adjective,нежный
influence,B1,verb,влиять на
declare,B2,verb,объявить
against,A2,preposition,против
kid,A2,noun,ребенок
expect,A2,verb,ожидать
businessman,A2,noun,бизнесмен
graduate,B1,noun,выпускник
cartoon,A2,noun,мультфильм
characteristic,B2,adjective,характерный
ambulance,B2,noun,скорая помощь
championship,B2,noun,чемпионат
afternoon,A1,noun,вторая половина дня
famous,A1,adjective,известный
account,B2,verb,приходиться
ethic,B2,noun,этика
belt,A2,noun,пояс
blast,C1,verb,взорвать
divert,C1,verb,отвлечь
judge,B1,verb,судить
alike,C1,adjective,одинаковый
enthusiast,C1,noun,энтузиаст
creation,B2,noun,создание
all,A2,adverb,совсем
convey,B2,verb,передать
college,A1,noun,колледж
former,B2,adjective,бывший
debut,C1,noun,дебют
homework,A1,noun,домашнее задание
either,A2,pronoun,каждый
convict,C1,verb,осудить
cream,B1,adjective,кремовый
further,B1,adverb,далее
indicate,B1,verb,указывать
conquer,C1,verb,завоевать
badge,B2,noun,значок
debate,B2,verb,обсуждать
explosion,B1,noun,взрыв
hole,A2,noun,дыра
aim,B1,verb,стремиться
cook,A2,noun,повар
comprise,B2,verb,составлять
demand,B2,noun,спрос
consistent,B2,adjective,последовательный
farmer,A1,noun,фермер
accurate,B2,adjective,точный
but,B2,preposition,кроме
companion,C1,noun,компаньон
credibility,C1,noun,авторитет
killing,B1,noun,убийство
customer,A1,noun,клиент
fantasy,B2,noun,фантазия
badly,A2,adverb,плохо
chain,B1,noun,цепочка
deteriorate,C1,verb,ухудшаться
institute,B2,noun,институт
god,A2,noun,бог
bear,B2,verb,нести
hilarious,B2,adjective,веселый
confer,C1,verb,давать
contrast,B1,noun,контраст
dream,A2,verb,мечтать
exhibit,B2,noun,выставка
journalism,B2,noun,журналистика
integral,C1,adjective,интегральный
arena,C1,noun,арена
freedom,B2,noun,свобода
happiness,B1,noun,счастье
associated,B2,adjective,связанный
act,B1,noun,закон
audit,C1,noun,аудит
accent,B2,noun,акцент
consultant,B2,noun,консультант
frame,B1,verb,подставить
intimate,C1,adjective,интимный
deeply,B2,adverb,глубоко
exploitation,C1,noun,эксплуатация
deliberately,B2,adverb,намеренно
ear,A1,noun,ухо
golden,B2,adjective,золотой
cost,A1,verb,стоить
increase,A2,verb,увеличить
expansion,B2,noun,расширение
enforce,C1,verb,применять
form,A1,verb,образовать
chase,B2,verb,преследовать
arm,A1,noun,рука
after,A2,adverb,после
feat,C1,noun,подвиг
lack,B1,verb,отсутствовать
investment,B2,noun,инвестиция
landlord,C1,noun,арендодатель
assemble,C1,verb,собрать
compensate,C1,verb,компенсировать
based,A2,adjective,основанный
ambassador,C1,noun,посол
delight,B2,noun,восторг
especially,A2,adverb,особенно
authentic,C1,adjective,подлинный
bottom,A2,adjective,нижний
grand,B2,adjective,великий
decent,B2,adjective,достойный
exercise,A1,noun,осуществление
import,B1,noun,импорт
ambition,B1,noun,амбиция
dedicated,C1,adjective,посвященный
his,A2,pronoun,его
active,A2,adjective,активный
award,A2,noun,премия
fit,A2,adjective,пригодный
design,A1,noun,дизайн
emergence,C1,noun,появление
figure,B2,verb,понимать
host,B1,noun,хозяин
entertain,B1,verb,развлекать
entry,B1,noun,вступление
detain,C1,verb,задержать
agent,B1,noun,агент
enable,B2,verb,позволить
heavily,B1,adverb,сильно
agreement,B1,noun,соглашение
enough,A1,determiner,достаточно
invent,A2,verb,изобрести
gift,A2,noun,подарок
complication,C1,noun,осложнение
captain,B1,noun,капитан
bus,A1,noun,автобус
invite,A2,verb,приглашать
accumulation,C1,noun,накопление
alternative,A2,noun,альтернатива
bail,C1,noun,залог
believe,A1,verb,верить
bow,C1,verb,кланяться
export,B1,verb,экспортировать
demon,C1,noun,демон
conceal,C1,verb,скрыть
friendship,B1,noun,дружба
goodness,B2,noun,добро
frog,A2,noun,лягушка
automatic,B2,adjective,автоматический
controversy,B2,noun,спор
collective,C1,adjective,коллективный
honour,B2,noun,честь
arrest,B1,noun,арест
hint,C1,noun,подсказка
diamond,B1,noun,алмаз
contractor,C1,noun,подрядчик
boyfriend,A1,noun,парень
break,A1,noun,перерыв
emission,B2,noun,выброс
abandon,B2,verb,отказаться от
expertise,B2,noun,опыт
approval,B2,noun,утверждение
circulate,C1,verb,циркулировать
fully,B2,adverb,полностью
divide,B2,noun,разрыв
cycle,A2,noun,цикл
handling,C1,noun,обработка
adaptation,C1,noun,адаптация
evident,B2,adjective,очевидный
coal,B1,noun,уголь
camp,A2,verb,разбивать лагерь
belong,A2,verb,принадлежать
budget,B2,noun,бюджет
conversion,C1,noun,конверсия
cold,A1,adjective,холодный
grey,A1,adjective,серый
consume,B1,verb,потреблять
intellectual,B2,adjective,интеллектуальный
juice,A1,noun,сок
favourite,A1,noun,фаворит
calm,B1,noun,спокойствие
chaos,C1,noun,хаос
kind,A1,noun,род
it,A1,pronoun,это
coordination,C1,noun,координация
button,A2,noun,кнопка
correlate,C1,verb,коррелировать
distance,A2,noun,расстояние
laughter,A2,noun,смех
bank,A1,noun,банк
conservation,B2,noun,сохранение
covered,B1,adjective,крытый
harm,B2,noun,вред
hers,A2,pronoun,ее
fifth,A1,ordinal number,пятый
chair,B2,verb,председательствовать
adjust,B2,verb,корректировать
drop,A2,verb,капать
encouraging,C1,adjective,отрадный
comfortable,A2,adjective,комфортный
bubble,B1,noun,пузырь
high,A2,adverb,высоко
double,A2,pronoun,двойной
above,A1,preposition,над
at,A1,preposition,на
direct,B1,verb,направлять
bureaucracy,C1,noun,бюрократия
bunch,B2,noun,куча
capable,B2,adjective,способный
financial,B1,adjective,финансовый
disorder,B2,noun,расстройство
begin,A1,verb,начать
dead,A2,adjective,мертвый
humour,B2,noun,юмор
brown,A1,noun,коричневый цвет
denounce,C1,verb,осуждать
civic,C1,adjective,гражданский
adverse,C1,adjective,неблагоприятный
differ,B2,verb,отличаться
flee,C1,verb,бежать
extension,B2,noun,расширение
halfway,C1,adverb,на полпути
fact,A1,noun,факт
garden,A1,noun,сад
construct,B2,verb,построить
justice,B2,noun,правосудие
fry,B1,verb,жарить
affordable,B2,adjective,доступный
compliance,C1,noun,соблюдение
included,A2,adjective,включенный
isolation,C1,noun,изоляция
improve,A1,verb,улучшить
catalogue,C1,noun,каталог
breakthrough,C1,noun,прорыв
investigator,C1,noun,следователь
hardware,C1,noun,оборудование
him,A1,pronoun,его
leap,C1,verb,прыгать
filter,C1,noun,фильтр
citizenship,C1,noun,гражданство
corridor,B2,noun,коридор
heighten,C1,verb,усилить
court,B1,noun,суд
audience,A2,noun,аудитория
assassination,C1,noun,убийство
construction,B2,noun,строительство
embrace,B2,verb,принять
cent,A1,noun,цент
insurance,B2,noun,страхование
injure,B1,verb,травмировать
appearance,A2,noun,появление
coastal,C1,adjective,прибрежный
gallon,C1,noun,галлон
ability,A2,noun,способность
hostage,C1,noun,заложник
convenience,B2,noun,удобство
cake,A1,noun,торт
assistant,A2,adjective,младший
instruct,C1,verb,поручить
dislike,B1,noun,неприязнь
channel,B1,noun,канал
dislike,B1,verb,ненавидеть
harbour,B2,noun,гавань
complete,A1,adjective,полный
hook,C1,verb,зацепить
execute,C1,verb,выполнять
breakfast,A1,noun,завтрак
invest,B1,verb,инвестировать
drown,C1,verb,утонуть
forge,C1,verb,наладить
following,A2,adjective,следующий
insist,B2,verb,настаивать
destroy,A2,verb,уничтожить
discharge,C1,verb,выполнять
discourse,C1,noun,дискурс
career,A1,noun,карьера
impact,B1,verb,влиять
geography,A1,noun,география
grasp,C1,noun,понимание
custody,C1,noun,заключение
cutting,C1,noun,резка
heal,B2,verb,исцелить
hurt,A2,verb,пострадать
ethnic,B2,adjective,этнический
disclosure,C1,noun,раскрытие
fit,C1,noun,соответствие
leaf,B1,noun,лист
barely,B2,adverb,едва
access,B1,verb,получить доступ
kick,B1,noun,удар
investigate,B1,verb,расследовать
harmony,C1,noun,гармония
kidney,C1,noun,почка
flexibility,C1,noun,гибкость
fate,C1,noun,судьба
involve,A2,verb,включать
bounce,C1,verb,отскакивать
agency,B2,noun,агентство
educational,B1,adjective,образовательный
curious,B2,adjective,любопытный
competitive,B1,adjective,конкурентный
any,A1,pronoun,любой
equivalent,B2,noun,эквивалент
disrupt,C1,verb,нарушить
id,B2,noun,идентификатор
experience,B1,verb,испытывать
estimate,B2,noun,оценка
castle,A2,noun,замок
breath,B1,noun,дыхание
craft,C1,verb,создать
last,A2,verb,длиться
confused,B1,adjective,смущенный
community,A2,noun,сообщество
image,A2,noun,изображение
diverse,B2,adjective,разнообразный
climate,A2,noun,климат
april,A1,noun,апрель
date,B2,verb,датироваться
content,B1,noun,контент
ease,C1,noun,легкость
effect,A2,noun,эффект
child,A1,noun,ребенок
edge,B1,noun,край
descend,C1,verb,спускаться
kidnap,C1,verb,похитить
charter,C1,noun,хартия
bowl,A2,noun,чаша
assault,C1,noun,нападение
challenging,B2,adjective,сложный
condition,A2,noun,состояние
edit,B2,verb,редактировать
actor,A1,noun,актер
efficiently,B2,adverb,эффективно
earthquake,B1,noun,землетрясение
destination,B1,noun,назначение
appreciate,B1,verb,ценить
journal,B1,noun,журнал
endless,C1,adjective,бесконечный
composition,C1,noun,состав
advance,B2,verb,продвигать
encourage,B1,verb,поощрять
dry,A2,adjective,сухой
burial,C1,noun,захоронение
genocide,C1,noun,геноцид
dozen,B2,determiner,дюжина
commence,C1,verb,начать
destructive,C1,adjective,разрушительный
except,A2,preposition,кроме
air,A1,noun,воздух
grave,C1,noun,могила
laser,C1,noun,лазер
issue,B1,noun,вопрос
confrontation,C1,noun,конфронтация
colleague,A2,noun,коллега
lack,B1,noun,отсутствие
high,B2,noun,кайф
follow,A1,verb,следовать
increasingly,B2,adverb,все более
excess,C1,adjective,избыточный
bicycle,A1,noun,велосипед
before,A1,preposition,пред
contrast,B1,verb,контрастировать
examine,B1,verb,изучить
justification,C1,noun,оправдание
framework,B2,noun,основа
leather,B1,noun,кожа
brick,B2,noun,кирпич
charm,C1,noun,очарование
abolish,C1,verb,отменить
academy,C1,noun,академия
cooking,A1,noun,кулинария
brief,B2,adjective,краткий
happily,A2,adverb,счастливо
crawl,C1,verb,сканировать
ease,C1,verb,облегчить
assume,B2,verb,предположить
calm,B1,adjective,спокойный
grave,C1,adjective,серьезный
formerly,B2,adverb,ранее
inject,C1,verb,вводить
desire,B2,verb,желать
acknowledge,B2,verb,признать
blast,C1,noun,взрыв
approach,B2,verb,подойти
glad,B1,adjective,рад
delay,B2,noun,задержка
downstairs,A2,adjective,нижний
burden,C1,noun,бремя
flying,A2,noun,полет
collapse,B2,noun,крах
fall,A1,verb,упасть
external,B2,adjective,внешний
adequate,B2,adjective,адекватный
fitness,B1,noun,фитнес
event,A1,noun,событие
comparable,C1,adjective,сопоставимый
intensive,C1,adjective,интенсивный
jet,B2,noun,самолет
frustrating,C1,adjective,разочаровывающий
entire,B2,adjective,целый
corrupt,C1,adjective,коррумпированный
assumption,B2,noun,предположение
handle,B2,verb,справиться с
bias,B2,noun,предвзятость
euro,A1,noun,евро
backdrop,C1,noun,фон
appeal,B2,noun,апелляция
fix,A2,verb,исправить
implementation,C1,noun,осуществление
congratulate,C1,verb,поздравить
halt,C1,verb,остановить
coat,A1,noun,пальто
function,B1,noun,функция
girlfriend,A1,noun,девушка
body,A1,noun,тело
distribute,B2,verb,распространять
auto,C1,noun,автомобиль
attribute,C1,verb,приписывать
besides,B2,adverb,кроме того
inappropriate,C1,adjective,неуместный
cool,A1,adjective,крутой
camera,A1,noun,камера
bride,B1,noun,невеста
countless,C1,adjective,бесчисленный
anticipate,B2,verb,ожидать
colony,B2,noun,колония
beam,C1,noun,луч
hurt,B2,noun,боль
also,A1,adverb,также
initially,B2,adverb,изначально
alone,A2,adjective,только
far,A1,adverb,далеко
abuse,C1,verb,злоупотреблять
depict,C1,verb,изображать
compromise,C1,noun,компромисс
kilometre,A1,noun,километр
female,A2,adjective,женский
elderly,B2,adjective,престарелый
aggressive,B2,adjective,агрессивный
genuine,B2,adjective,подлинный
crisis,B2,noun,кризис
classic,B2,noun,классика
activate,B2,verb,активировать
boost,B2,verb,повысить
full-time,B2,adverb,полностью
car,A1,noun,автомобиль
couple,A2,noun,пара
compose,B2,verb,составлять
judicial,C1,adjective,судебный
dictionary,A1,noun,словарь
critique,C1,noun,критик
forbid,B2,verb,запрещать
boost,B2,noun,повышение
approve,B2,verb,одобрить
earn,A2,verb,зарабатывать
atmosphere,B1,noun,атмосфера
arbitrary,C1,adjective,произвольный
cut,B1,noun,сокращение
just,C1,adjective,справедливый
amusing,B2,adjective,забавный
aware,B1,adjective,осведомленный
coach,B1,verb,тренировать
fish,A1,noun,рыбы
equal,B2,noun,равенство
egg,A1,noun,яйцо
grasp,C1,verb,понять
guard,B1,noun,охрана
exile,C1,noun,изгнание
better,B1,noun,улучшение
immediate,B1,adjective,немедленный
fat,A2,noun,жир
coincide,C1,verb,совпадать
constant,B2,adjective,постоянный
employ,A2,verb,использовать
ice,A1,noun,лед
calculate,B2,verb,рассчитать
estate,B2,noun,недвижимость
fake,B2,adjective,поддельный
extremely,A2,adverb,чрезвычайно
ground,A2,noun,земля
articulate,C1,verb,сформулировать
flesh,C1,noun,плоть
hall,A2,noun,зал
counselling,C1,noun,консультирование
aluminium,C1,noun,алюминий
journey,A1,noun,путешествие
fight,A2,noun,борьба
least,A2,adverb,наименее
governor,B2,noun,губернатор
commentator,C1,noun,комментатор
doctrine,C1,noun,доктрина
cross,A2,noun,крест
feminist,C1,adjective,феминистский
draft,B2,noun,проект
insert,B2,verb,вставить
boss,A2,noun,босс
collaborate,C1,verb,сотрудничать
classroom,A1,noun,класс
decade,B1,noun,десятилетие
dollar,A1,noun,доллар
inquiry,B2,noun,расследование
fall,A2,noun,падение
awful,A2,adjective,ужасный
assurance,C1,noun,обеспечение
contender,C1,noun,претендент
hopefully,B2,adverb,возможно
dancer,A1,noun,танцор
absent,C1,adjective,отсутствующий
lap,C1,noun,круг
later,A2,adjective,последующий
exciting,A1,adjective,захватывающий
govern,B2,verb,управлять
correctly,A2,adverb,правильно
accusation,C1,noun,обвинение
fool,B2,noun,дурак
firmly,B2,adverb,твердо
aunt,A1,noun,тетя
flow,B1,noun,поток
generous,B1,adjective,щедрый
drop,B1,noun,падение
define,B1,verb,определить
any,A1,determiner,любой
breakdown,C1,noun,разбивка
association,B2,noun,ассоциация
allow,A2,verb,позволить
defy,C1,verb,бросать вызов
beg,B2,verb,просить
frightened,B1,adjective,испуганный
impossible,A2,adjective,невозможный
alien,C1,adjective,инопланетный
fill,A1,verb,заполнить
disabled,B2,adjective,людей с ограниченными возможностями
across,A1,preposition,напротив
early,A1,adjective,ранний
everyone,A1,pronoun,все
game,A1,noun,игра
guide,A2,noun,руководство
face,A1,noun,лицо
continent,A2,noun,континент
employment,B1,noun,занятость
dominant,B2,adjective,доминирующий
highly,B1,adverb,очень
disastrous,C1,adjective,катастрофический
deserve,B2,verb,заслуживать
explode,B1,verb,взорваться
anchor,C1,noun,якорь
improvement,B1,noun,улучшение
come,A1,verb,прийти
effective,B1,adjective,эффективный
back,B2,verb,вернуться
key,B1,verb,запирать
hail,C1,verb,приветствовать
flight,A1,noun,полет
commonly,B2,adverb,обычно
concrete,B2,adjective,конкретный
evil,B2,adjective,злой
cabinet,C1,noun,кабинет
care,A2,noun,помощь
assist,B1,verb,помочь
hurricane,B1,noun,ураган
cling,C1,verb,цепляться
diagnosis,C1,noun,диагноз
embody,C1,verb,воплощать
franchise,C1,noun,франшиза
fourteen,A1,number,четырнадцать
later,A1,adverb,позже
joy,B2,noun,радость
home,A1,adverb,домой
entity,C1,noun,организация
flexible,B2,adjective,гибкий
break,A1,verb,сломать
idea,A1,noun,идея
claim,B1,verb,утверждать
confession,C1,noun,признание
duration,B2,noun,продолжительность
embed,C1,verb,встраивать
anyway,A2,adverb,в любом случае
innovation,B2,noun,инновация
call,A1,noun,призыв
current,B1,adjective,нынешний
free,A1,adjective,свободный
amount,A2,noun,количество
fork,A2,noun,вилка
credit,A2,noun,кредит
hypothesis,B2,noun,гипотеза
confine,C1,verb,ограничиться
blue,A1,adjective,синий
habit,A2,noun,привычка
exclusive,C1,adjective,эксклюзивный
east,A1,adjective,восточный
heel,B2,noun,пятка
base,B1,verb,основывать
creep,C1,verb,ползти
four,A1,number,четыре
bell,B1,noun,колокол
hope,A1,verb,надеяться
controversial,B2,adjective,спорный
annoying,B1,adjective,раздражающий
jail,B2,noun,тюрьма
ecological,C1,adjective,экологический
confidence,B2,noun,уверенность
experience,A2,noun,опыт
genetic,B2,adjective,генетический
assess,B2,verb,оценить
distress,C1,noun,бедствие
eat,A1,verb,есть
district,B2,noun,район
exit,B2,noun,выход
bow,C1,noun,лук
even,A1,adverb,еще
addiction,B2,noun,зависимость
green,A1,noun,зелень
frozen,B1,adjective,замороженный
grief,C1,noun,горе
facilitate,C1,verb,облегчить
depression,B2,noun,депрессия
announce,B1,verb,объявить
certain,A2,adjective,определенный
goods,B1,noun,товары
combat,C1,verb,бороться с
decide,A1,verb,решить
brother,A1,noun,брат
acre,C1,noun,акр
leading,B1,adjective,ведущий
farm,A1,noun,ферма
jewellery,A2,noun,украшение
debt,B2,noun,долг
hopeful,C1,adjective,обнадеживающий
interfere,C1,verb,вмешиваться
focus,A2,verb,сосредоточиться
intact,C1,adjective,нетронутый
declaration,C1,noun,декларация
first,A1,adverb,впервые
analogy,C1,noun,аналогия
finish,A2,noun,финиш
correspond,C1,verb,соответствовать
fun,A2,adjective,веселый
king,A2,noun,король
better,A2,adverb,лучше
desirable,C1,adjective,желательный
alignment,C1,noun,выравнивание
doubt,B1,noun,сомнение
friendly,A1,adjective,дружественный
courtesy,C1,noun,вежливость
industry,A2,noun,промышленность
arrow,B2,noun,стрела
history,A1,noun,история
ah,A2,exclamation,ах
betray,C1,verb,предать
get,A1,verb,получить
bag,A1,noun,сумка
dependent,B2,adjective,зависимый
fossil,B2,noun,окаменелость
kiss,B1,verb,поцеловать
know,A1,verb,знать
autonomy,C1,noun,автономия
arrangement,A2,noun,соглашение
applaud,C1,verb,приветствовать
forum,B2,noun,форум
imply,B2,verb,подразумевать
characteristic,B2,noun,характеристика
chest,B1,noun,грудь
airline,A2,noun,авиакомпания
alone,A2,adverb,в одиночку
interact,B2,verb,взаимодействовать
enough,A1,adverb,достаточно
authorize,C1,verb,санкционировать
absolute,B2,adjective,абсолютный
book,A1,noun,книга
correlation,C1,noun,корреляция
item,A2,noun,пункт
consciousness,C1,noun,сознание
independence,B2,noun,независимость
commodity,C1,noun,товар
firm,B2,adjective,твердый
core,B2,noun,ядро
helmet,B2,noun,шлем
consolidate,C1,verb,консолидировать
june,A1,noun,июнь
activist,C1,noun,активист
excellence,C1,noun,совершенство
curriculum,B2,noun,учебный план
damage,B1,noun,повреждение
commerce,C1,noun,торговля
chemical,B1,adjective,химический
dark,A2,noun,тьма
holiday,A1,noun,праздник
below,A1,preposition,под
lay,B1,verb,заложить
bargain,B2,noun,сделка
enterprise,C1,noun,предприятие
cow,A1,noun,корова
decline,B2,noun,снижение
elbow,B2,noun,локоть
explore,B1,verb,исследовать
invade,B2,verb,вторгнуться в
apology,B2,noun,извинение
conventional,B2,adjective,обычный
champion,B1,noun,чемпион
interior,C1,adjective,внутренний
coffee,A1,noun,кофе
flu,A2,noun,грипп
fund,B2,verb,финансировать
depend,A2,verb,зависеть от
bond,B2,noun,облигация
activity,A1,noun,деятельность
intent,C1,noun,намерение
grin,C1,verb,улыбаться
climb,A1,verb,подняться
bat,B2,noun,летучая мышь
accomplishment,C1,noun,достижение
hit,A2,noun,хит
database,B2,noun,база данных
evolution,B2,noun,эволюция
land,A1,noun,земля
beach,A1,noun,пляж
essentially,B2,adverb,по сути
error,A2,noun,ошибка
delegate,C1,noun,делегат
exact,A2,adjective,точный
august,A1,noun,август
kind,B1,adjective,добрый
encouragement,C1,noun,поощрение
grab,B2,verb,взять
ending,A2,noun,прекращение
confirm,B1,verb,подтвердить
graphics,B2,noun,графика
hold,A2,verb,провести
feature,B1,verb,иметь
down,A1,preposition,вдоль
invasion,B2,noun,вторжение
historian,B2,noun,историк
dairy,B2,noun,молочные продукты
free,A2,adverb,бесплатно
cater,C1,verb,обслуживать
direct,B1,adverb,напрямую
before,A2,adverb,раньше
fortune,B2,noun,состояние
exploration,B2,noun,разведка
it,B1,noun,речь
chemistry,A2,noun,химия
battle,B1,noun,битва
everything,A1,pronoun,всё
determined,B1,adjective,определенный
fly,A1,verb,летать
dynamic,C1,noun,динамика
cause,A2,noun,причина
comic,B2,adjective,комический
determination,B2,noun,определение
fashion,A2,noun,мода
compute,C1,verb,вычислить
anniversary,B2,noun,годовщина
hundred,A1,number,тысяча
accountant,B2,noun,бухгалтер
elite,C1,noun,элита
extremist,C1,noun,экстремист
brutal,C1,adjective,жестокий
cinema,A1,noun,кино
knowledge,A2,noun,знание
dress,A1,verb,одеваться
floor,A1,noun,этаж
evolutionary,C1,adjective,эволюционный
humanitarian,C1,adjective,гуманитарный
few,A1,adjective,немногочисленный
achieve,A2,verb,достигнуть
conscious,B2,adjective,сознательный
close,A1,verb,закрыть
crack,B2,verb,взломать
attend,A2,verb,посещать
apologize,B1,verb,извиниться
bet,B2,verb,спорить
ladder,B2,noun,лестница
concept,B2,noun,концепция
health,A1,noun,здоровье
girl,A1,noun,девушка
functional,C1,adjective,функциональный
cast,B2,verb,бросить
intense,B2,adjective,интенсивный
gear,C1,noun,снаряжение
affection,C1,noun,привязанность
contribution,B2,noun,вклад
enforcement,C1,noun,исполнение
cop,C1,noun,коп
currency,B1,noun,валюта
entertainment,B1,noun,развлечение
deploy,C1,verb,развернуть
curve,B2,verb,изгибаться
bee,B1,noun,пчела
consecutive,C1,adjective,последовательный
above,A1,adverb,выше
busy,A1,adjective,занятый
hate,A1,verb,ненавидеть
band,A1,noun,группа
insider,C1,noun,инсайдер
blood,A2,noun,кровь
december,A1,noun,декабрь
integration,C1,noun,интеграция
beneath,C1,preposition,под
confusion,B2,noun,путаница
administration,B2,noun,администрация
contemplate,C1,verb,созерцать
cooperate,C1,verb,сотрудничать
dvd,A1,noun,DVD-диск
comic,B2,noun,комикс
grade,B2,verb,оценивать
giant,B1,noun,гигант
garage,B1,noun,гараж
inspection,C1,noun,инспекция
disk,B2,noun,диск
hesitate,B2,verb,стесняться
critical,B2,adjective,критический
good,A1,adjective,хороший
about,A1,preposition,о
awkward,B2,adjective,неловкий
intention,B1,noun,намерение
future,A2,adjective,будущий
form,A1,noun,форма
layout,C1,noun,макет
indoors,B1,adverb,в помещении
border,B1,noun,граница
currently,B1,adverb,в настоящее время
cynical,C1,adjective,циничный
horn,C1,noun,рог
conserve,C1,verb,сохранить
draw,A1,verb,привлечь
gallery,A2,noun,галерея
agenda,B2,noun,повестка дня
bid,B2,verb,предложить
hungry,A1,adjective,голодный
demand,B2,verb,требовать
grandmother,A1,noun,бабушка
compare,A1,verb,сравнить
coup,C1,noun,переворот
almost,A2,adverb,почти
better,A1,adjective,лучший
childhood,B1,noun,детство
base,B1,noun,база
disclose,C1,verb,раскрывать
erupt,B2,verb,извергаться
book,A2,verb,забронировать
baby,A1,noun,ребенок
feed,A2,verb,кормить
artistic,B2,adjective,художественный
ghost,B1,noun,призрак
clear,B1,verb,очистить
hazard,C1,noun,опасность
art,A1,noun,искусство
course,A1,noun,курс
basement,B2,noun,подвал
around,A1,adverb,вокруг
difference,A1,noun,разница
admission,C1,noun,прием
gentleman,B1,noun,джентльмен
gorgeous,B2,adjective,великолепный
disappointing,B1,adjective,неутешительный
bitter,B2,adjective,горький
finger,A2,noun,палец
display,B2,noun,дисплей
cargo,C1,noun,груз
blow,A2,verb,дуть
infant,C1,noun,ребенок
depart,B2,verb,отправляться
case,A2,noun,случай
bench,C1,noun,скамейка
lake,A2,noun,озеро
half,A2,adverb,наполовину
caution,C1,noun,осторожность
enough,A1,pronoun,достаточно много
chart,B2,verb,наметить
contest,B2,noun,конкурс
copyright,C1,noun,копирайт
large-scale,C1,adjective,масштабный
homeland,C1,noun,родина
federal,B2,adjective,федеральный
darkness,B2,noun,тьма
ask,A1,verb,спросить
empty,A2,adjective,пустой
all,A1,pronoun,всё
latter,C1,noun,последний
corresponding,C1,adjective,соответствующий
constantly,B2,adverb,постоянно
interference,C1,noun,вмешательство
invitation,A2,noun,приглашение
fine,C1,verb,оштрафовать
insight,B2,noun,понимание
alternative,B1,adjective,альтернативный
engaged,B1,adjective,занятый
grip,C1,verb,захватывать
extraordinary,B2,adjective,чрезвычайный
enrol,C1,verb,поступать
bleed,C1,verb,кровоточить
explosive,C1,noun,взрывчатка
counsellor,C1,noun,советник
illness,A2,noun,болезнь
hook,B2,noun,крючок
capability,C1,noun,возможность
combat,C1,noun,бой
architectural,C1,adjective,архитектурный
broad,B2,adjective,широкий
appropriately,B2,adverb,надлежащим образом
initiative,B2,noun,инициатива
end,A1,verb,закончиться
dive,B2,noun,погружение
editorial,B2,adjective,редакционный
exotic,B2,adjective,экзотический
emerge,B2,verb,появляться
imprisonment,C1,noun,лишения свободы
cattle,C1,noun,скот
fellow,B2,adjective,ближний
appreciation,C1,noun,признательность
jazz,A2,noun,джаз
extract,B2,noun,экстракт
accountability,C1,noun,подотчетность
character,A2,noun,характер
civilian,C1,noun,гражданское лицо
alarm,B1,noun,сигнализация
briefly,B2,adverb,кратко
detail,B2,verb,детализировать
cliff,B2,noun,скала
all right,A2,exclamation,верно
capture,B2,noun,захват
clear,A2,adjective,четкий
election,B1,noun,выбор
biography,C1,noun,биография
administrator,C1,noun,администратор
knock,B1,noun,стук
bombing,B2,noun,бомбардировка
daily,B1,adverb,ежедневно
forecast,B2,verb,прогнозировать
have,A2,auxiliary verb,иметь
hardly,B1,adverb,вряд ли
astonishing,B2,adjective,удивительный
hunt,B2,noun,охота
according to,A2,preposition,по данным
key,A1,noun,ключ
elegant,B2,adjective,элегантный
anger,B2,noun,гнев
halt,C1,noun,прекращение
conduct,B2,noun,поведение
achievement,B1,noun,достижение
beneficial,B2,adjective,полезный
address,A1,noun,адрес
great,A1,adjective,великий
hurry,B1,noun,спешка
aircraft,B2,noun,самолет
exit,C1,verb,выйти
close,A2,adjective,близкий
coincidence,B2,noun,совпадение
interview,A1,verb,опросить
expert,A2,adjective,экспертный
dad,A1,noun,папа
contradiction,C1,noun,противоречие
energy,A2,noun,энергия
formula,C1,noun,формула
angrily,,adverb,сердито
carbon,B2,noun,углерод
comparison,B1,noun,сравнение
depressing,B2,adjective,удручающий
earth,A2,noun,земля
eighteen,A1,number,восемнадцать
attack,A2,verb,атаковать
feeling,A1,noun,чувство
leak,C1,noun,утечка
bomb,B1,verb,бомбить
laugh,A1,verb,смеяться
league,B2,noun,лига
commissioner,C1,noun,комиссар
balanced,B2,adjective,сбалансированный
hip,B2,noun,бедро
jacket,A1,noun,куртка
able,A2,adjective,способный
flash,B2,verb,мигать
advanced,B1,adjective,передовой
about,A1,adverb,около
already,A2,adverb,уже
ideal,B2,noun,идеал
acceptable,B2,adjective,приемлемый
convert,B2,verb,конвертировать
appear,A2,verb,появляться
conversation,A1,noun,разговор
identify,A2,verb,определить
consistency,C1,noun,последовательность
embarrassing,B1,adjective,неловкий
aesthetic,C1,adjective,эстетический
hence,B2,adverb,следовательно
beauty,B1,noun,красота
hospital,A1,noun,больница
bass,C1,noun,бас
additionally,B2,adverb,кроме того
ballot,C1,noun,голосование
intake,C1,noun,потребление
afraid,A1,adjective,испуганный
allegedly,C1,adverb,якобы
inclusion,C1,noun,включение
adopt,B2,verb,принять
evolve,B2,verb,развиваться
curve,B2,noun,изгиб
good,A2,noun,добро
as,A2,adverb,как
friend,A1,noun,друг
annoyed,B1,adjective,раздраженный
frustrated,C1,adjective,разочарованный
ancestor,B2,noun,предок
blind,B2,adjective,слепой
corner,A2,noun,угол
chat,A2,verb,общаться
facility,B2,noun,объект
design,A1,verb,проектировать
easily,A2,adverb,легко
field,A2,noun,область
help,A1,verb,помочь
drift,C1,verb,дрейфовать
atrocity,C1,noun,злодеяние
definite,B1,adjective,определенный
chocolate,A1,noun,шоколад
expert,A2,noun,эксперт
considerably,B2,adverb,значительно
genius,B2,noun,гений
crack,B2,noun,трещина
although,A2,conjunction,но
clock,A1,noun,часы
feature,A2,noun,особенность
appoint,C1,verb,назначить
constitution,C1,noun,конституция
impatient,B2,adjective,нетерпеливый
fibre,C1,noun,волокно
beat,A2,verb,победить
humble,C1,adjective,скромный
engine,A2,noun,двигатель
cheerful,B1,adjective,веселый
labour,B2,noun,труд
civil,B2,adjective,гражданский
direct,A2,adjective,прямой
embassy,C1,noun,посольство
acceptance,C1,noun,принятие
country,A1,noun,страна
common,A1,adjective,общий
delivery,B2,noun,доставка
feed,B2,noun,корм
arm,C1,verb,вооружить
actress,A1,noun,актриса
collapse,B2,verb,рухнуть
hello,A1,exclamation,привет
biscuit,A2,noun,печенье
allocation,C1,noun,распределение
behalf,C1,noun,имя
donate,B1,verb,пожертвовать
cite,B2,verb,привести
brush,A2,verb,чистить
flawed,C1,adjective,ошибочный
consequently,B2,adverb,следовательно
back,A1,adverb,обратно
each,A1,determiner,каждый
inflation,B2,noun,инфляция
influence,B1,noun,влияние
indigenous,C1,adjective,коренной
deem,C1,verb,считать
injury,A2,noun,травма
giant,B1,adjective,гигантский
harvest,C1,noun,урожай
belief,B1,noun,вера
admit,B1,verb,признать
aggression,C1,noun,агрессия
irony,C1,noun,ирония
kingdom,C1,noun,царство
hi,A1,exclamation,привет
danger,A2,noun,опасность
intermediate,C1,adjective,промежуточный
black,A1,noun,черный цвет
imagination,B2,noun,воображение
foreign,A2,adjective,иностранный
folk,B1,adjective,народный
colonial,C1,adjective,колониальный
drag,B2,verb,перетащить
emotional,B2,adjective,эмоциональный
explanation,A2,noun,объяснение
format,B2,noun,формат
attach,B1,verb,придавать
empirical,C1,adjective,эмпирический
guarantee,B2,verb,гарантировать
furniture,A2,noun,мебель
activation,C1,noun,активация
campaign,B1,noun,кампания
cottage,B1,noun,коттедж
dig,B2,verb,копать
cult,C1,adjective,культовый
camp,A2,noun,лагерь
freely,B2,adverb,свободно
handful,C1,noun,горстка
elaborate,C1,adjective,сложный
circle,A2,noun,круг
circle,A2,verb,кружить
formation,B2,noun,формирование
align,C1,verb,привести
era,B2,noun,эпоха
committee,B2,noun,комитет
grind,C1,verb,измельчить
accommodation,B1,noun,жилье
fault,B2,noun,вина
junction,C1,noun,стык
criticism,B2,noun,критик
home,A2,adjective,домашний
emotionally,B2,adverb,эмоционально
central,B1,adjective,центральный
focus,A2,noun,внимание
interim,C1,adjective,временный
find,A1,verb,найти
economy,B1,noun,экономика
between,A2,adverb,между
establish,B2,verb,установить
latest,B2,noun,последняя версия
force,B1,noun,сила
chair,A1,noun,председатель
do,A1,auxiliary verb,делать
equality,C1,noun,равенство
assert,C1,verb,утверждать
dear,A1,adjective,дорогой
horizon,C1,noun,горизонт
characterize,C1,verb,характеризовать
combination,B2,noun,сочетание
cheap,A1,adjective,дешевый
citizen,B2,noun,гражданин
booking,B2,noun,бронирование
accounting,,noun,учет
blade,C1,noun,лезвие
authority,B1,noun,орган
breed,C1,noun,порода
happen,A1,verb,произойти
column,A2,noun,колонка
economics,B2,noun,экономика
can,A1,modal verb,мочь
island,A1,noun,остров
lady,A2,noun,леди
finance,B2,verb,финансировать
expectation,B2,noun,ожидание
amendment,C1,noun,поправка
by,A1,preposition,на
definition,B1,noun,определение
earnings,C1,noun,доход
fifteen,A1,number,пятнадцать
extreme,A2,adjective,экстремальный
interpret,B2,verb,интерпретировать
float,B2,verb,плавать
corporate,B2,adjective,корпоративный
family,A1,noun,семья
cook,A1,verb,готовить
born,A1,verb,родиться
dawn,C1,noun,рассвет
centre,A1,noun,центр
bomb,B1,noun,бомба
cotton,B1,noun,хлопок
blessing,C1,noun,благословение
compassion,C1,noun,сострадание
best,A1,adjective,лучший
enjoy,A1,verb,наслаждаться
devil,C1,noun,дьявол
flag,B1,noun,флаг
headache,A2,noun,головная боль
envelope,B2,noun,конверт
hold,B2,noun,удержание
could,A1,modal verb,мог
become,A1,verb,стать
deed,C1,noun,дело
commercial,B1,noun,реклама
formulate,C1,verb,сформулировать
beyond,B2,adverb,за пределы
attack,A2,noun,атака
graphic,B2,adjective,графический
if,A1,conjunction,если
card,A1,noun,карта
ego,C1,noun,эго
fourth,A1,ordinal number,четвертый
alien,B2,noun,иностранец
alert,C1,verb,предупредить
hunting,B2,noun,охота
chain,B2,verb,приковать
connect,A2,verb,подключить
grace,C1,noun,благодать
interesting,A1,adjective,интересный
bush,B2,noun,куст
itself,A2,pronoun,себя
induce,C1,verb,вызвать
firework,B2,noun,фейерверк
constitute,C1,verb,составлять
dispute,C1,noun,спор
dual,C1,adjective,двойной
further,A2,adjective,дальнейший
curiosity,C1,noun,любопытство
clarify,B2,verb,уточнить
dust,B1,noun,пыль
develop,A2,verb,развивать
beloved,C1,adjective,любимый
damaging,C1,adjective,разрушительный
discrimination,C1,noun,дискриминация
designate,C1,verb,назначить
clash,C1,noun,столкновение
endorse,C1,verb,одобрить
academic,B1,adjective,академический
eligible,C1,adjective,иметь право
immediately,A2,adverb,сразу
detect,B2,verb,обнаружить
everybody,A1,pronoun,все
discovery,A2,noun,открытие
autumn,A1,noun,осень
cruise,B2,verb,путешествовать
battlefield,C1,noun,поле боя
aid,B2,verb,помочь
electronic,A2,adjective,электронный
home,A1,noun,дом
feel,A1,verb,чувствовать себя
language,A1,noun,язык
dumb,C1,adjective,глупый
donation,B2,noun,пожертвование
avoid,A2,verb,избежать
historic,B1,adjective,исторический
grin,C1,noun,улыбка
animal,A1,noun,животное
distort,C1,verb,искажать
corporation,B2,noun,корпорация
force,B1,verb,заставить
afford,B1,verb,позволить себе
brilliant,A2,adjective,блестящий
description,A1,noun,описание
guilt,C1,noun,вина
bathroom,A1,noun,туалет
barrier,B2,noun,барьер
compelling,C1,adjective,убедительный
fuel,B1,noun,топливо
kill,A2,verb,убить
advertise,A2,verb,рекламировать
consider,A2,verb,считать
delete,B2,verb,удалить
lamp,A2,noun,лампа
deal,B1,noun,сделка
beer,A1,noun,пиво
desktop,C1,noun,рабочий стол
collaboration,C1,noun,сотрудничество
bend,B1,noun,изгиб
control,A2,noun,контроль
dramatic,B2,adjective,драматический
circuit,B2,noun,схема
law,A2,noun,закон
grain,B1,noun,зерно
division,B2,noun,отдел
component,B2,noun,компонент
hotel,A1,noun,отель
aspect,B2,noun,аспект
announcement,B1,noun,объявление
climb,B1,noun,подъем
kit,B2,noun,комплект
glimpse,C1,noun,представление
hire,B2,noun,прокат
all right,A2,adverb,хорошо
drug,A2,noun,препарат
her,A1,pronoun,ее
commentary,C1,noun,комментарий
cognitive,C1,adjective,когнитивный
dishonest,B2,adjective,нечестный
deep,A2,adjective,глубокий
gut,C1,noun,кишечник
happy,A1,adjective,счастливый
equipment,A2,noun,оборудование
clean,A1,verb,очистить
lean,B2,verb,склоняться
and,A1,conjunction,и
impressed,B2,adjective,впечатленный
dub,C1,verb,дублировать
entitle,C1,verb,давать право
lawsuit,C1,noun,иск
front,A1,adjective,передний
attribute,C1,noun,атрибут
joke,A2,verb,шутить
distinction,C1,noun,различие
business,A1,noun,бизнес
firm,B2,noun,фирма
flavour,B2,noun,вкус
correction,C1,noun,коррекция
download,A2,verb,скачать
costly,C1,adjective,дорогостоящий
computer,A1,noun,компьютер
gold,A2,noun,золото
exclude,B2,verb,исключать
forest,A2,noun,лес
expand,B1,verb,расширить
building,A1,noun,здание
carpet,A2,noun,ковер
competence,C1,noun,компетенция
border,B2,verb,граничить
credible,C1,adjective,достоверный
desperately,B2,adverb,отчаянно
alongside,B2,preposition,вместе с
counterpart,C1,noun,коллега
deny,B2,verb,отрицать
foreigner,C1,noun,иностранец
dispute,C1,verb,оспаривать
dialogue,A1,noun,диалог
assign,B2,verb,назначить
because,A1,conjunction,ведь
favour,B1,noun,польза
critically,B2,adverb,критически
forth,C1,adverb,вперед
category,B1,noun,категория
flat,A1,noun,квартира
clean,A1,adjective,чистый
dismissal,C1,noun,увольнение
check,A1,verb,проверить
bye,A1,exclamation,пока
initial,B2,adjective,первоначальный
judgement,B2,noun,решение
emotion,B1,noun,эмоция
hard,A1,adjective,тяжелый
entrepreneur,B2,noun,предприниматель
call,A1,verb,называть
devastate,C1,verb,опустошить
disagreement,B2,noun,разногласие
latest,B1,adjective,самый последний
exploit,B2,verb,использовать
arrive,A1,verb,прибыть
administer,C1,verb,управлять
drive,A2,noun,диск
background,A2,noun,фон
eye,A1,noun,глаз
concede,C1,verb,признать
fair,A2,adjective,справедливый
identical,B2,adjective,идентичный
hunger,B2,noun,голод
coin,B1,noun,монета
finance,B2,noun,финансы
divorced,A2,adjective,разведенный
fancy,B1,adjective,причудливый
assertion,C1,noun,утверждение
chip,A2,noun,чип
average,A2,adjective,средний
campus,B1,noun,кампус
cure,B2,verb,вылечить
guess,A1,verb,угадать
frequently,B1,adverb,часто
fundamental,B2,adjective,фундаментальный
act,A2,verb,действовать
correspondent,C1,noun,корреспондент
identity,B1,noun,идентичность
butter,A1,noun,масло
delay,B2,verb,отложить
instrument,A2,noun,инструмент
combine,B1,verb,объединить
defend,B2,verb,защищать
different,A1,adjective,различный
attain,C1,verb,достичь
hot,A1,adjective,горячий
arrange,A2,verb,организовать
adequately,B2,adverb,адекватно
bring,A1,verb,принести
all right,A2,adjective,в порядке
both,A1,determiner,оба / обе
globe,B2,noun,глобус
dealer,B2,noun,дилер
info,B2,noun,информация
basically,B2,adverb,в основном
alcoholic,B1,adjective,алкогольный
dip,C1,verb,окунуться
infection,B2,noun,инфекция
creativity,B2,noun,творчество
generic,C1,adjective,общий
infamous,C1,adjective,печально известный
designer,A2,noun,дизайнер
dictate,C1,verb,диктовать
harm,B2,verb,навредить
fence,B1,noun,забор
communication,B1,noun,связь
branch,B1,noun,филиал
below,A1,adverb,ниже
bury,B1,verb,похоронить
cue,B2,noun,сигнал
double,B1,adverb,дважды
honour,B2,verb,выполнить
expose,B2,verb,разоблачить
july,A1,noun,июль
free,B2,verb,освободить
duty,B1,noun,обязанность
beef,A2,noun,говядина
bright,A2,adjective,яркий
horror,B1,noun,ужас
exam,A1,noun,экзамен
black,A1,adjective,черный
criminal,B1,adjective,уголовный
flat,A2,adjective,плоский
frame,B1,noun,рамка
casino,C1,noun,казино
download,A2,noun,загрузка
elsewhere,B2,adverb,в другом месте
half,A1,determiner,половина
faction,C1,noun,фракция
human,A2,adjective,человеческий
inhabitant,B2,noun,житель
distress,C1,verb,огорчать
best,A2,adverb,лучше всего
despite,B1,preposition,несмотря на
explosive,C1,adjective,взрывной
ideal,A2,adjective,идеальный
interpretation,B2,noun,интерпретация
counter,C1,verb,противостоять
forward,A2,adverb,вперед
cave,B2,noun,пещера
bonus,C1,noun,бонус
jump,A2,verb,прыгать
but,A1,conjunction,но
assembly,C1,noun,ассамблея
count,A2,verb,рассчитывать
grid,C1,noun,сеть
as,A1,preposition,на
effectiveness,C1,noun,эффективность
fancy,B1,verb,хотеть
around,A1,preposition,до
host,B2,verb,принимать
cheer,B2,verb,подбодрить
extensive,B2,adjective,обширный
fundamentally,B2,adverb,принципиально
farm,A2,verb,обрабатывать
contributor,C1,noun,вклад
advertising,A2,noun,реклама
highway,B2,noun,шоссе
filter,C1,verb,фильтровать
bet,B2,noun,ставка
house,A1,noun,дом
fierce,C1,adjective,ожесточенный
accuse,B2,verb,обвинять
expected,B1,adjective,исключенный
action,A1,noun,действие
curtain,B1,noun,занавес
fiction,A2,noun,фантастика
attract,B1,verb,привлечь
fasten,B1,verb,пристегнуть
fan,A2,noun,поклонник
dump,B2,verb,бросить
colourful,B2,adjective,красочный
attention,A2,exclamation,внимание
armed,B2,adjective,вооруженный
interaction,B2,noun,взаимодействие
discussion,A2,noun,обсуждение
basket,B2,noun,корзина
eleven,A1,number,одиннадцать
besides,B2,preposition,не считая
creator,C1,noun,создатель
herself,A2,pronoun,себя
ink,B2,noun,чернила
infect,C1,verb,заразить
competent,C1,adjective,компетентный
athlete,A2,noun,спортсмен
fever,B2,noun,лихорадка
clothing,A2,noun,одежда
information,A1,noun,информация
advocate,C1,verb,выступать за
decision-making,C1,noun,принятие решений
favourable,C1,adjective,благоприятный
coalition,C1,noun,коалиция
ever,A1,adverb,когда-либо
concert,A1,noun,концерт
honest,B1,adjective,честный
keep,A1,verb,держать
allocate,C1,verb,выделить
church,A2,noun,церковь
landmark,C1,noun,достопримечательность
flaw,C1,noun,недостаток
kiss,B1,noun,поцелуй
basketball,A2,noun,баскетбол
addition,B1,noun,дополнение
choice,A2,noun,выбор
implement,B2,verb,реализовать
demonstration,B2,noun,демонстрация
label,B1,verb,маркировать
baseball,A2,noun,бейсбол
intensity,C1,noun,интенсивность
holy,B2,adjective,святой
fast,A1,adverb,быстро
absence,C1,noun,отсутствие
integrity,C1,noun,целостность
emphasize,B2,verb,подчеркнуть
defect,C1,noun,дефект
extra,B1,adverb,дополнительно
animation,B2,noun,анимация
inherent,C1,adjective,присущий
ballet,B2,noun,балет
drive,A1,verb,водить
file,B1,noun,файл
give,A1,verb,дать
deal,A2,verb,справиться
leak,C1,verb,просачиваться
lane,B2,noun,переулок
dear,A2,exclamation,уважаемый
laptop,A2,noun,ноутбук
document,B2,verb,документировать
jam,A2,noun,джем
last,A2,adverb,в последний раз
harmful,B2,adjective,вредный
cute,B2,adjective,милый
front,A1,noun,перед
forward,B2,adjective,передовой
discuss,A1,verb,обсудить
hang,B1,verb,повесить
launch,B2,noun,запуск
disc,B2,noun,диск
agricultural,C1,adjective,сельскохозяйственный
fraction,B2,noun,часть
gesture,B2,noun,жест
isolated,B2,adjective,изолированный
closed,A2,adjective,закрытый
instance,B2,noun,инстанция
historical,B1,adjective,исторический
favour,B2,verb,способствовать
gas,A2,noun,газ
fire,A1,noun,огонь
gap,A2,noun,разрыв
extent,B2,noun,степень
cheat,B1,verb,обмануть
distinct,B2,adjective,различный
incorporate,B2,verb,включить
chart,A1,noun,график
complaint,B1,noun,жалоба
crude,C1,adjective,сырой
deputy,C1,noun,заместитель
frustration,C1,noun,разочарование
glorious,C1,adjective,славный
figure,A2,noun,фигура
heart,A2,noun,сердце
consensus,C1,noun,консенсус
broadcast,B2,verb,транслироваться
distinguish,B2,verb,отличить
bed,A1,noun,кровать
blame,B2,noun,вина
away,A1,adverb,подальше
government,A2,noun,правительство
fragment,B2,noun,фрагмент
diplomat,C1,noun,дипломат
joint,B2,adjective,совместный
intelligent,A2,adjective,умный
educated,B1,adjective,образованный
guest,A2,noun,гость
certainty,B2,noun,уверенность
area,A1,noun,область
chairman,B2,noun,председатель
detailed,B2,adjective,подробный
cover,A2,verb,охватывать
file,B2,verb,подать
crop,B2,noun,урожай
do,A1,verb,делать
integrated,C1,adjective,комплексный
encounter,B2,noun,встреча
complain,A2,verb,жаловаться
golf,A2,noun,гольф
crystal,C1,noun,кристалл
hostility,C1,noun,враждебность
lazy,A2,adjective,ленивый
balance,B1,verb,сбалансировать
clinic,B2,noun,клиника
exactly,A2,adverb,именно
bar,B2,verb,запретить
buddy,C1,noun,приятель
hurry,B1,verb,спешить
finish,A1,verb,закончить
die,A1,verb,умереть
evidence,A2,noun,доказательство
cd,A1,noun,компакт-диск
apply,A2,verb,применяться
credit,B2,verb,кредитовать
convention,B2,noun,конвенция
ago,A1,adverb,назад
lawn,C1,noun,газон
last,A1,determiner,последний
have,A1,verb,иметь
complex,B1,adjective,сложный
gig,B2,noun,концерт
decrease,B2,noun,снижение
driver,A1,noun,водитель
asleep,A2,adjective,спящий
blonde,A1,adjective,светлый
asylum,C1,noun,убежище
enrich,C1,verb,обогатить
lad,C1,noun,парень
experiment,B1,verb,экспериментировать
account,B1,noun,счет
ill,A2,adjective,больной
invention,A2,noun,изобретение
advise,B1,verb,советовать
awareness,B2,noun,осведомленность
catch,A2,verb,поймать
breathing,B1,noun,дыхание
globalization,B2,noun,глобализация
land,A2,verb,приземлиться
fridge,A2,noun,холодильник
hearing,B2,noun,слушание
downtown,B2,noun,центр города
enact,C1,verb,принять
divorce,B2,verb,развестись
cheap,B1,adverb,дешево
annual,B2,adjective,ежегодный
approximately,B1,adverb,примерно
endorsement,C1,noun,одобрение
gambling,C1,noun,азартные игры
completely,A2,adverb,полностью
advance,B2,adjective,предварительный
faith,B2,noun,вера
clause,B1,noun,пункт
indoor,B1,adjective,крытый
dismiss,B2,verb,уволить
iron,B1,noun,железо
excitement,B1,noun,волнение
bin,A2,noun,корзина
abstract,B2,adjective,абстрактный
ensure,B2,verb,обеспечить
critic,B2,noun,критик
along,A2,preposition,вдоль
ally,C1,noun,союзник
guilty,B1,adjective,виновный
inside,A2,preposition,внутри
allege,C1,verb,утверждать
cost,A1,noun,стоимость
bound,B2,adjective,связанный
acid,C1,adjective,кислотный
expensive,A1,adjective,дорогой
capital,A1,adjective,капитальный
essential,B1,adjective,важный
jeans,A1,noun,джинсы
late,A1,adverb,допоздна
key,A1,adjective,ключевой
dance,A1,verb,танцевать
drum,B1,noun,барабан
imminent,C1,adjective,неизбежный
certainly,A2,adverb,безусловно
delighted,B2,adjective,рад
actually,A2,adverb,на самом деле
draft,B2,verb,разработать
have to,A1,modal verb,должен
age,B1,verb,стареть
accurately,B2,adverb,точно
individual,A2,adjective,индивидуальный
chance,A2,noun,шанс
gross,C1,adjective,валовой
fly,A2,noun,муха
idiot,C1,noun,идиот
bean,A2,noun,боб
candle,B2,noun,свеча
full,A1,adjective,полный
coordinator,C1,noun,координатор
adult,A2,adjective,взрослый
board,A2,noun,совет
enjoyable,B2,adjective,приятный
dancing,A1,noun,танец
beginning,A1,noun,начало
cocktail,C1,noun,коктейль
installation,B2,noun,установка
anxious,B2,adjective,тревожный
distinctive,C1,adjective,отличительный
erect,C1,verb,возвести
burn,B2,noun,ожог
inevitable,B2,adjective,неизбежный
justify,B2,verb,оправдать
fond,B2,adjective,любить
accountable,C1,adjective,подотчетный
electronics,B2,noun,электроника
class,A1,noun,класс
fortunate,B2,adjective,счастливый
breed,C1,verb,размножаться
instrumental,C1,adjective,инструментальный
genuinely,B2,adverb,действительно
dedication,C1,noun,преданность
constitutional,C1,adjective,конституционный
attempt,B2,verb,пытаться
defender,B2,noun,защитник
knife,A2,noun,нож
guerrilla,C1,noun,партизан
arrest,B1,verb,арестовать
affect,A2,verb,влиять на
classical,A2,adjective,классический
herb,B2,noun,трава
habitat,B2,noun,среда обитания
careless,B1,adjective,неосторожный
dynamic,B2,adjective,динамический
fire,B1,verb,уволить
available,A2,adjective,доступный
empire,B2,noun,империя
conceive,C1,verb,зачать
constraint,C1,noun,ограничение
disaster,A2,noun,катастрофа
dignity,C1,noun,достоинство
appetite,C1,noun,аппетит
fur,B1,noun,мех
insufficient,C1,adjective,недостаточный
consequence,B1,noun,следствие
inhibit,C1,verb,ингибировать
age,A1,noun,возраст
engagement,C1,noun,участие
extreme,B2,noun,крайность
decrease,B2,verb,уменьшить
export,B1,noun,экспорт
boundary,C1,noun,граница
downwards,B2,adverb,вниз
explicit,C1,adjective,явный
benefit,B1,verb,воспользоваться
drink,A1,noun,напиток
human,A2,noun,человек
domain,C1,noun,домен
comedy,A2,noun,комедия
beast,C1,noun,зверь
endeavour,C1,noun,усилие
flower,A1,noun,цветок
delicate,C1,adjective,деликатный
carriage,C1,noun,перевозка
enter,A2,verb,войти
inside,A2,noun,интерьер
efficient,B2,adjective,эффективный
democratic,B2,adjective,демократический
click,B1,noun,клик
amateur,C1,noun,любитель
leaflet,B2,noun,листовка
contact,B1,verb,связаться
daily,A2,adjective,ежедневный
alive,A2,adjective,живой
answer,A1,noun,ответ
boom,C1,noun,бум
highlight,B1,verb,подчеркнуть
indicator,C1,noun,показатель
century,A1,noun,век
episode,B1,noun,эпизод
stall,B2,noun,кабинка
charge,B1,noun,заряд
stimulus,C1,noun,стимул
block,B1,verb,блокировать
direction,A2,noun,направление
narrative,B1,adjective,повествовательный
eliminate,B2,verb,устранить
plot,B1,noun,сюжет
orange,A1,noun,апельсин
insult,C1,noun,оскорбление
photographer,B1,noun,фотограф
feel,B2,noun,ощущение
reader,A1,noun,читатель
fraud,B2,noun,мошенничество
prison,A2,noun,тюрьма
availability,C1,noun,наличие
everywhere,A2,adverb,везде
reverse,C1,noun,реверс
offender,B2,noun,преступник
crowd,A2,noun,толпа
backup,C1,noun,резервное копирование
assignment,B1,noun,задание
impose,B2,verb,ввести
exaggerate,C1,verb,преувеличивать
moderate,C1,adjective,умеренный
provincial,C1,adjective,провинциальный
insult,C1,verb,оскорблять
reproduction,C1,noun,размножение
rarely,B1,adverb,редко
racist,B2,noun,расист
romantic,B1,adjective,романтический
parking,A2,noun,парковка
risk,B1,noun,риск
mail,A2,verb,отправить
steel,B2,noun,сталь
niche,C1,noun,ниша
spare,B2,adjective,запасной
guideline,B2,noun,руководство
ahead,B1,adverb,впереди
steam,B2,noun,пар
well,C1,noun,скважина
deficit,C1,noun,дефицит
negative,A1,adjective,негативный
means,B2,noun,средства
seemingly,C1,adverb,казалось бы
calculation,C1,noun,расчет
producer,B1,noun,продюсер
need,A2,noun,необходимость
span,C1,noun,промежуток
villager,C1,noun,крестьянин
swear,B2,verb,клясться
official,B2,noun,чиновник
thereafter,C1,adverb,после этого
will,A1,modal verb,будет
tolerate,C1,verb,терпеть
snap,C1,verb,щелкнуть
repair,B1,noun,ремонт
steer,C1,verb,направить
let,A1,verb,позволить
vehicle,A2,noun,автомобиль
supplement,C1,noun,добавка
press,B1,verb,нажать
wave,B1,verb,махать
scratch,B2,noun,царапина
successful,A2,adjective,успешный
requirement,B2,noun,требование
switch,B2,noun,переключатель
where,A1,adverb,где
restoration,C1,noun,восстановление
milk,A1,noun,молоко
privilege,C1,noun,привилегия
sale,A2,noun,продажа
prosecutor,C1,noun,прокурор
strictly,B2,adverb,строго
relation,B1,noun,отношение
mail,A2,noun,почта
statistical,C1,adjective,статистический
terrible,A1,adjective,ужасный
upcoming,C1,adjective,предстоящий
person,A1,noun,человек
reflect,B1,verb,отражать
news,A1,noun,новость
react,A2,verb,реагировать
opposite,A1,adverb,напротив
trouble,B2,verb,беспокоить
pour,B1,verb,налить
market,A1,noun,рынок
look,A2,noun,взгляд
television,A1,noun,телевидение
whole,A2,adjective,целый
ninety,A1,number,девянтосто
punch,C1,noun,удар
slave,B2,noun,раб
parameter,C1,noun,параметр
worry,A2,verb,беспокоиться
whilst,C1,conjunction,в то время как
taxi,A1,noun,такси
lift,A2,verb,поднять
pull,B1,noun,притяжение
leg,A1,noun,нога
ok,A1,adverb,вот
long-time,C1,adjective,давний
unfold,B2,verb,разворачиваться
spread,B1,verb,распространиться
therapy,B2,noun,терапия
slightly,B1,adverb,немного
philosopher,C1,noun,философ
tongue,B1,noun,язык
opera,B2,noun,опера
pledge,C1,noun,залог
supportive,C1,adjective,благоприятный
swallow,B2,verb,проглотить
surge,C1,noun,всплеск
out,A1,preposition,из
nothing,A1,pronoun,ничего
tragic,B2,adjective,трагический
ministry,C1,noun,министерство
sense,B2,verb,чувствовать
primary,B1,adjective,первичный
skin,A2,noun,кожа
phenomenon,B2,noun,явление
personally,B1,adverb,лично
merit,C1,noun,заслуга
long-term,B2,adverb,в долгосрочной перспективе
package,B2,verb,упаковывать
viewpoint,B2,noun,точка зрения
lifestyle,A2,noun,образ жизни
pregnant,B2,adjective,беременный
liberty,C1,noun,свобода
song,A1,noun,песня
model,B2,verb,моделировать
present,A2,verb,представить
triumph,C1,noun,триумф
offer,A2,noun,предложение
website,A1,noun,сайт
senior,B2,adjective,старший
make,B2,noun,марка
sigh,C1,verb,вздыхать
lethal,C1,adjective,смертельный
need,A1,verb,нуждаться
replacement,C1,noun,замена
whereas,B2,conjunction,тогда как
matter,A2,verb,иметь значение
rally,C1,noun,митинг
wait,A1,verb,ждать
manager,A2,noun,менеджер
reward,B2,noun,награда
oral,C1,adjective,устный
left,A1,adverb,слева
male,A2,adjective,мужской
warm,A1,adjective,теплый
tone,B2,noun,тон
once,A1,adverb,когда-то
silent,B1,adjective,молчаливый
panel,B2,noun,группа
shape,B2,verb,формировать
percentage,B1,noun,процент
manner,A2,noun,образ
stem,C1,verb,остановить
outdoors,B1,adverb,на открытом воздухе
unite,B2,verb,объединить
renowned,C1,adjective,известный
secure,B2,adjective,безопасный
mistake,B2,verb,ошибиться
pale,B1,adjective,бледный
tonne,B2,noun,тонна
statue,B1,noun,статуя
muscle,B1,noun,мышца
plan,A1,noun,план
suddenly,A2,adverb,внезапно
pub,A2,noun,паб
recent,A2,adjective,последний
mechanism,B2,noun,механизм
reply,A2,noun,ответ
link,A2,verb,связать
shall,A2,modal verb,должен
silk,B2,noun,шелк
reliable,B1,adjective,надежный
worth,B1,adjective,достойный
scientist,A1,noun,ученый
overnight,B2,adverb,в одночасье
no,A1,determiner,не
reaction,B1,noun,реакция
reward,B2,verb,вознаградить
prefer,A1,verb,предпочитать
relief,B2,noun,облегчение
photography,B1,noun,фотография
militia,C1,noun,ополчение
peaceful,B1,adjective,мирный
movement,A2,noun,движение
reliability,C1,noun,надежность
rear,C1,noun,тыл
sort,B1,verb,разобраться
tiny,B1,adjective,крошечный
radical,C1,adjective,радикальный
reach,A2,verb,достигнуть
pathway,C1,noun,путь
peer,B2,noun,сверстник
worm,B2,noun,червь
outrage,C1,noun,возмущение
retreat,C1,verb,отступить
supermarket,A1,noun,супермаркет
ski,A2,noun,лыжа
priority,B2,noun,приоритет
worship,C1,verb,поклоняться
wednesday,A1,noun,среда
prepared,B1,adjective,готовый
truly,B2,adverb,действительно
script,B1,noun,сценарий
rumour,C1,noun,слух
massacre,C1,noun,резня
squad,C1,noun,отряд
lengthy,C1,adjective,длительный
rise,A2,verb,расти
obsession,C1,noun,одержимость
tap,B2,verb,нажать
raid,C1,noun,рейд
suggestion,A2,noun,предложение
melt,B2,verb,таять
regain,C1,verb,восстановить
torture,C1,verb,пытать
succeed,A2,verb,преуспеть
stage,A2,noun,этап
report,A2,verb,сообщить
sponsor,B2,noun,спонсор
question,A1,noun,вопрос
motion,B2,noun,движение
tighten,C1,verb,ужесточить
prince,B1,noun,принц
round,B2,noun,раунд
literacy,C1,noun,грамотность
permanent,B2,adjective,постоянный
whereby,C1,adverb,посредством чего
old-fashioned,B1,adjective,старомодный
plead,C1,verb,просить
quiet,A1,adjective,тихий
small,A1,adjective,небольшой
spirit,B1,noun,дух
white,A1,noun,белая
meal,A1,noun,еда
overly,C1,adverb,чрезмерно
rifle,C1,noun,винтовка
pay,A2,noun,оплата
wish,A2,verb,хотеть
realization,C1,noun,реализация
subsequently,B2,adverb,впоследствии
settler,B2,noun,поселенец
recently,A2,adverb,недавно
theatrical,C1,adjective,театральный
user,A2,noun,пользователь
trouble,A2,noun,проблема
umbrella,A1,noun,зонтик
quality,A2,noun,качество
liberal,C1,adjective,либеральный
stand,A1,verb,стоять
smooth,B1,adjective,гладкий
stun,C1,verb,оглушить
quotation,B1,noun,цитата
vibrant,C1,adjective,яркий
lie,B1,verb,лгать
tomorrow,A1,noun,завтра
spin,C1,noun,спина
terminal,B2,noun,терминал
mean,A1,verb,означать
surprise,A2,verb,удивить
picture,B2,verb,представить
vulnerable,C1,adjective,уязвимый
sound,C1,adjective,звуковой
profitable,C1,adjective,прибыльный
remainder,C1,noun,остаток
lion,A1,noun,лев
riot,C1,noun,бунт
prevention,C1,noun,профилактика
traffic,A1,noun,трафик
via,B2,preposition,через
mark,A2,verb,отметить
prejudice,C1,noun,предрассудок
negative,B2,noun,негатив
specialist,B2,adjective,специализированный
offering,C1,noun,предложение
past,A1,preposition,после
place,B1,verb,разместить
repeated,B1,adjective,повторный
lot,A1,pronoun,многие
seldom,C1,adverb,редко
recognition,B2,noun,признание
salt,A1,noun,соль
long,A1,adjective,длинный
shocked,B2,adjective,шокированный
monday,A1,noun,понедельник
partnership,B2,noun,партнерство
prominent,C1,adjective,видный
troubled,C1,adjective,проблемный
top,C1,verb,возглавить
perceive,B2,verb,воспринимать
right,A1,adjective,правый
move,A1,verb,двигаться
very,B2,adjective,самый
prestigious,C1,adjective,престижный
reassure,C1,verb,успокоить
strange,A2,adjective,странный
weight,A2,noun,вес
water,A1,noun,вода
park,A1,verb,парковаться
supporter,B1,noun,сторонник
lend,A2,verb,одолжить
rubber,B2,noun,резина
upper,B2,adjective,верхний
lesson,A1,noun,урок
remain,B1,verb,оставаться
poster,A2,noun,плакат
lesbian,C1,adjective,лесбийский
practitioner,C1,noun,практик
shine,B1,verb,сиять
year,A1,noun,год
sad,A1,adjective,грустный
neat,B2,adjective,аккуратный
plant,A2,verb,посадить
room,A1,noun,комната
thus,B2,adverb,таким образом
march,C1,noun,март
revise,B1,verb,пересмотреть
temporarily,B2,adverb,временно
worth,B2,noun,стоимость
scrutiny,C1,noun,контроль
moving,B2,adjective,движущийся
transport,A2,noun,транспорт
vital,B2,adjective,жизненный
record,A2,noun,рекорд
wild,A2,adjective,дикий
principal,B2,adjective,основной
ok,A1,exclamation,ладно
orange,A1,adjective,оранжевый
perfectly,B1,adverb,прекрасно
type,B1,verb,ввести
northern,B1,adjective,северный
proclaim,C1,verb,провозглашать
relevance,C1,noun,актуальность
visitor,A1,noun,посетитель
waste,B1,noun,отход
separate,B1,verb,отделить
sexual,B1,adjective,сексуальный
provide,A2,verb,обеспечить
toxic,C1,adjective,токсичный
plenty,B1,pronoun,многие
over,A1,adverb,на протяжении
thoughtful,C1,adjective,вдумчивый
private,B1,adjective,частный
multiply,B2,verb,размножаться
light,A2,verb,зажечь
right,A1,adverb,прямо
typical,A2,adjective,типичный
occupation,B2,noun,оккупация
probable,B2,adjective,вероятный
likelihood,C1,noun,вероятность
native,B1,adjective,родной
trace,C1,noun,след
support,A2,noun,поддержка
spring,A1,noun,весна
purchase,B2,verb,приобрести
vicious,C1,adjective,порочный
protective,C1,adjective,защитный
touch,B1,noun,прикосновение
nobody,A1,pronoun,ни один
plastic,A2,adjective,пластиковый
solution,A2,noun,решение
term,A2,noun,термин
wife,A1,noun,жена
policeman,A1,noun,полицейский
morality,C1,noun,мораль
pay,A1,verb,платить
most,A1,determiner,наибольший
output,B2,noun,производство
seriously,B1,adverb,серьезно
outbreak,C1,noun,вспышка
mechanic,B2,noun,механик
slice,B1,noun,кусочек
spend,A1,verb,тратить
span,C1,verb,охватывать
remark,B2,verb,заметить
neck,A2,noun,шея
plea,C1,noun,просьба
participation,B2,noun,участие
sum,B2,verb,суммировать
supplement,C1,verb,дополнить
regulation,B2,noun,регулирование
pause,B2,verb,приостановить
recruit,B2,noun,вербовка
original,A2,adjective,оригинальный
noisy,A2,adjective,шумный
wave,A2,noun,волна
relaxing,B1,adjective,расслабляющий
sketch,C1,noun,эскиз
programming,B2,noun,программирование
solo,C1,adjective,сольный
public,A2,noun,общественность
ski,A2,verb,кататься на лыжах
radio,A1,noun,радио
starve,B2,verb,голодать
relatively,B2,adverb,относительно
variable,C1,adjective,переменный
what,A1,pronoun,кем
map,B2,verb,отобразить
this,A1,pronoun,он
vanish,C1,verb,исчезнуть
problem,A1,noun,проблема
subtle,C1,adjective,тонкий
reject,B1,verb,отвергать
powerful,B1,adjective,мощный
topic,A1,noun,тема
terrorism,B2,noun,терроризм
near,A1,preposition,около
summarize,B1,verb,обобщить
potential,B2,noun,потенциал
off,A1,adverb,себя
ship,A2,noun,корабль
sweep,B2,verb,подметать
third,A1,ordinal number,третий
sword,C1,noun,меч
liquid,B1,adjective,жидкий
top,A2,adjective,верхний
warrior,C1,noun,воин
sensation,C1,noun,ощущение
play,A1,noun,игра
multiple,B2,adjective,многочисленный
shout,A2,verb,кричать
substantial,C1,adjective,существенный
sphere,C1,noun,сфера
living,B1,adjective,живой
witness,B2,noun,свидетель
pressure,B1,noun,давление
proposal,B2,noun,предложение
t-shirt,A1,noun,футболка
o'clock,A1,adverb,часов
structure,A2,noun,структура
proceeds,C1,noun,доход
notice,A2,noun,уведомление
parliament,B2,noun,парламент
partial,C1,adjective,частичный
protect,A2,verb,защитить
secondary,B1,adjective,вторичный
purple,A1,noun,пурпур
travel,A1,verb,путешествовать
reform,C1,noun,реформа
observe,B2,verb,соблюдать
writer,A1,noun,писатель
syndrome,C1,noun,синдром
password,B2,noun,пароль
upon,B1,preposition,после
viewer,B1,noun,зритель
think,A1,verb,думать
resolve,B2,verb,решить
unveil,C1,verb,представить
phone,A1,verb,позвонить
slope,B2,noun,склон
noble,C1,adjective,благородный
motorcycle,A2,noun,мотоцикл
sack,C1,verb,уволить
update,B1,verb,обновить
register,B2,verb,зарегистрироваться
speculate,B2,verb,спекулировать
print,B2,noun,печать
yeah,A1,exclamation,ага
why,A1,adverb,почему
sponsorship,B2,noun,спонсорство
tip,B1,verb,склонить
transport,B1,verb,перевозить
receipt,B1,noun,получение
slip,B2,verb,проскользнуть
permanently,B2,adverb,постоянно
worried,A2,adjective,обеспокоенный
theft,B2,noun,кража
until,A1,preposition,до
nowadays,B2,adverb,сегодня
reality,B1,noun,реальность
whatever,C1,adverb,независимо от
sensible,B1,adjective,разумный
yes,A1,exclamation,да
virtue,C1,noun,добродетель
unfortunately,A2,adverb,к сожалению
thesis,B2,noun,диссертация
parental,C1,adjective,родительский
palm,B2,noun,пальма
this,A1,determiner,этот
relative,B1,adjective,относительный
merchant,C1,noun,купец
story,A1,noun,история
pile,B2,verb,складывать
remote,B1,adjective,удаленный
simple,A2,adjective,простой
total,B1,adjective,общий
reconstruction,C1,noun,реконструкция
steadily,B2,adverb,неуклонно
produce,A2,verb,производить
son,A1,noun,сын
minimum,B2,adjective,минимальный
trio,C1,noun,трио
satisfaction,B2,noun,удовлетворение
tribe,B2,noun,племя
walk,A1,verb,ходить
reproduce,C1,verb,воспроизводить
stuff,B2,verb,засунуть
unemployment,B1,noun,безработица
scream,B2,noun,крик
widow,C1,noun,вдова
program,B1,verb,программировать
reasonably,B2,adverb,разумно
recipe,A2,noun,рецепт
particular,A2,adjective,конкретный
sustain,C1,verb,поддерживать
sustainable,B2,adjective,устойчивый
rocket,B2,noun,ракета
territory,B2,noun,территория
on,A1,preposition,на
nerve,B2,noun,нерв
standard,B1,noun,стандарт
situated,C1,adjective,расположенный
single,A2,adjective,единый
ourselves,A2,pronoun,себя
well,A1,adjective,хороший
novel,C1,adjective,новый
scholarship,B2,noun,стипендия
three,A1,number,три
prohibit,B2,verb,запрещать
soak,C1,verb,замочить
set,B1,verb,установить
spam,C1,noun,спам
presentation,B1,noun,презентация
lung,B2,noun,легкое
look,A1,verb,выглядеть
miracle,C1,noun,чудо
serve,A2,verb,служить
momentum,C1,noun,импульс
mental,B1,adjective,психический
worse,A2,adjective,хуже
substitution,C1,noun,замена
september,A1,noun,сентябрь
population,A2,noun,население
research,A2,verb,исследовать
pick,A2,verb,выбрать
tea,A1,noun,чай
train,A2,verb,тренироваться
seal,C1,noun,печать
sir,A2,noun,сэр
maximum,B2,noun,максимум
paint,A1,noun,краска
pregnancy,C1,noun,беременность
whose,A2,determiner,чей
overseas,B2,adverb,за рубежом
tissue,B2,noun,ткань
marginal,C1,adjective,маргинальный
period,A1,noun,период
recommendation,B1,noun,рекомендация
tomato,A1,noun,помидор
swing,C1,verb,качаться
rest,A2,verb,отдохнуть
sex,B1,noun,пол
nowhere,A2,adverb,нигде
smart,B1,adjective,умный
sufficient,B2,adjective,достаточный
litter,B2,noun,мусор
modern,A1,adjective,современный
take,A1,verb,взять
textbook,B2,noun,учебник
prevail,C1,verb,преобладать
patch,C1,noun,патч
play,A1,verb,играть
message,A1,noun,сообщение
weave,C1,verb,плести
shape,A2,noun,форма
stiff,B2,adjective,жесткий
silly,B1,adjective,глупый
penny,A2,noun,пенни
post-war,C1,adjective,послевоенный
listener,A2,noun,слушатель
new,A1,adjective,новый
majority,B2,noun,большинство
spokesman,B2,noun,представитель
transformation,C1,noun,трансформация
psychologist,B2,noun,психолог
manufacturing,B2,noun,производство
music,A1,noun,музыка
or,A1,conjunction,или
mention,A2,verb,упомянуть
professional,A2,adjective,профессиональный
visit,A1,noun,визит
soft,A2,adjective,мягкий
suitable,B1,adjective,подходящий
next,A1,adjective,следующий
straight,A2,adjective,прямой
surely,B1,adverb,наверняка
town,A1,noun,город
worldwide,B1,adjective,мировой
style,A1,noun,стиль
reputation,B2,noun,репутация
translate,B1,verb,перевести
walk,A1,noun,прогулка
monster,B2,noun,монстр
physics,A2,noun,физика
rebuild,B2,verb,восстановить
plain,B2,adjective,простой
pile,B2,noun,куча
thrilled,C1,adjective,взволнованный
media,A2,noun,СМИ
point,B1,verb,указать
literature,B1,noun,литература
shelf,B1,noun,шельф
welcome,A1,adjective,желанный
transmit,B2,verb,передавать
philosophical,C1,adjective,философский
west,A1,adverb,западнее
stuff,B1,noun,вещь
towards,A2,preposition,над
smell,A2,verb,пахнуть
overall,B2,adverb,в целом
owe,B2,verb,задолжать
theology,C1,noun,теология
liver,C1,noun,печень
underground,A2,adverb,под землей
whose,A2,pronoun,чей
national,B2,noun,страны
reason,A1,noun,причина
reference,B1,noun,ссылка
limited,B2,adjective,ограниченный
whenever,B1,conjunction,каждый раз
third,A2,noun,треть
shallow,B2,adjective,мелкий
moreover,B2,adverb,кроме того
policy,B1,noun,политик
peasant,C1,noun,крестьянин
sue,C1,verb,засудить
run,A2,noun,запуск
vote,B1,noun,голосование
suffer,B1,verb,страдать
per cent,A2,adjective,процентный
predict,A2,verb,предсказать
stress,A2,noun,стресс
stabilize,C1,verb,стабилизировать
pulse,C1,noun,пульс
put,A1,verb,поставить
root,B2,noun,корень
man,A1,noun,человек
legislation,C1,noun,законодательство
way,B2,adverb,кстати
rather,A2,adverb,скорее
successfully,B1,adverb,успешно
skip,C1,verb,пропустить
presence,B2,noun,присутствие
marathon,B2,noun,марафон
unhappy,A2,adjective,несчастный
psychological,B2,adjective,психологический
mobile,A2,adjective,мобильный
routine,B2,adjective,рутинный
varied,C1,adjective,разнообразный
obstacle,B2,noun,препятствие
spark,C1,verb,вызвать
personnel,C1,noun,персонал
preparation,B2,noun,подготовка
otherwise,B2,adverb,иначе
whatever,B1,pronoun,все
supposedly,C1,adverb,якобы
so,A1,conjunction,чтобы
mad,B1,adjective,безумный
table,A1,noun,стол
linear,C1,adjective,линейный
would,A1,modal verb,бы
no,A1,exclamation,нет
planning,B1,noun,планирование
some,A1,pronoun,некоторые
standard,B1,adjective,стандартный
lecture,A2,noun,лекция
working,A2,adjective,рабочий
mall,B1,noun,торговый центр
stretch,B2,verb,растягиваться
rob,B2,verb,ограбить
predecessor,C1,noun,предшественник
people,A1,noun,люди
rip,C1,verb,разорвать
tear,B2,verb,разорвать
several,A2,determiner,несколько
photo,A1,noun,фото
singer,A1,noun,певец
level,B2,verb,выровнять
various,B1,adjective,различный
sight,B1,noun,взгляд
thirteen,A1,number,тринадцать
minimum,B2,noun,минимум
liberation,C1,noun,освобождение
possible,A1,adjective,возможный
staff,B1,noun,сотрудник
perform,A2,verb,выполнять
leisure,B1,noun,досуг
seat,A2,noun,место
sincere,B2,adjective,искренний
revenue,B2,noun,доход
mobile,A2,noun,мобильный телефон
loyalty,C1,noun,лояльность
prize,A2,noun,премия
victory,B2,noun,победа
sculpture,B1,noun,скульптура
sixteen,A1,number,шестнадцать
secret,A2,adjective,секретный
quota,C1,noun,квота
tennis,A1,noun,теннис
passing,C1,noun,прохождение
unprecedented,C1,adjective,беспрецедентный
timing,B2,noun,срок
trustee,C1,noun,попечитель
pointed,B2,adjective,заостренный
live,B1,adverb,вживую
repeat,A1,verb,повторять
myself,A2,pronoun,себя
necessarily,B1,adverb,обязательно
rescue,B2,verb,спасти
similar,A1,adjective,аналогичный
whisper,B2,verb,шептать
under,A1,adverb,менее
us,A1,pronoun,нас
save,A2,verb,спасти
version,B1,noun,версия
plane,A1,noun,самолет
previous,B1,adjective,предыдущий
questionnaire,B2,noun,вопросник
pin,B1,verb,повесить
positive,A1,adjective,положительный
virtual,B2,adjective,виртуальный
shoulder,A2,noun,плечо
truck,A2,noun,грузовик
trading,B2,noun,торговля
suit,A2,noun,костюм
outside,A2,preposition,за пределами
railway,A2,noun,магистраль
mineral,B2,noun,минерал
trick,B1,verb,обмануть
regular,A2,adjective,регулярный
seize,C1,verb,захватить
survey,A2,noun,опрос
racism,B2,noun,расизм
matching,B2,adjective,соответствующий
mathematical,C1,adjective,математический
thirty,A1,number,тридцать
sorry,A1,adjective,жалкий
short-term,B2,adjective,краткосрочный
restore,B2,verb,восстановить
nature,A2,noun,природа
speed,A2,noun,скорость
rotate,C1,verb,вращаться
march,A1,noun,март
mount,B2,verb,установить
spoken,B1,adjective,разговорный
steal,A2,verb,украсть
off,A1,preposition,вне
musical,A2,adjective,музыкальный
pig,A1,noun,свинья
partially,C1,adverb,частично
nor,B1,conjunction,или
rank,B2,noun,ранг
village,A1,noun,деревня
square,A2,noun,площадь
might,A2,modal verb,мочь
this,B1,adverb,вот
scared,A2,adjective,напуганный
theatre,A1,noun,театр
meditation,C1,noun,медитация
strengthen,B2,verb,укрепить
possibly,B1,adverb,возможно
widen,C1,verb,расширить
threaten,B2,verb,угрожать
open,A1,adjective,открытый
next,B1,noun,следующий
picture,A1,noun,картина
motive,C1,noun,мотив
see,A1,verb,видеть
sixty,A1,number,шестьдесят
strip,C1,verb,лишить
mere,C1,adjective,простой
rapid,B2,adjective,быстрый
processing,C1,noun,обработка
possibility,A2,noun,возможность
remarkable,B2,adjective,замечательный
sound,A1,noun,звук
unlike,B1,preposition,в отличие от
loan,B2,noun,кредит
silver,A2,noun,серебро
rope,B1,noun,веревка
transition,B2,noun,переход
operator,B2,noun,оператор
resident,B2,adjective,постоянный
owner,A2,noun,владелец
plus,B1,preposition,плюс к
try,A1,verb,попробовать
passion,B1,noun,страсть
metaphor,B2,noun,метафора
much,A1,determiner,много
smoke,A2,noun,дым
proceeding,C1,noun,производство
move,B1,noun,шаг
number,A1,noun,число
shaped,B2,adjective,сформированный
vice,C1,noun,заместитель
sheep,A1,noun,овцы
tribute,C1,noun,дань
regardless,C1,adverb,независимо от того
like,A1,preposition,похожий на
shoot,C1,noun,съемка
waste,B1,adjective,отработанный
reign,C1,noun,правление
prosecution,C1,noun,обвинение
medical,A2,adjective,медицинский
usage,B2,noun,использование
summary,B1,noun,резюме
massive,B2,adjective,массивный
purpose,A2,noun,цель
model,A1,noun,модель
read,A1,verb,читать
pound,A1,noun,фунт
unexpected,B2,adjective,неожиданный
qualified,B1,adjective,квалифицированный
unique,B2,adjective,уникальный
sexuality,C1,noun,сексуальность
twice,A1,adverb,дважды
next to,A1,preposition,рядом с
torture,C1,noun,пытка
regime,C1,noun,режим
professor,A2,noun,профессор
snake,A1,noun,змей
summit,C1,noun,саммит
sole,C1,adjective,единственный
lower,B2,verb,снизить
reception,A2,noun,прием
shift,B2,verb,изменить
pop,A2,adjective,эстрадный
terrify,B2,verb,пугать
luxury,B1,adjective,роскошный
making,B2,noun,создание
moral,B2,noun,мораль
noise,A2,noun,шум
zone,B2,noun,зона
unnecessary,B1,adjective,ненужный
of,A1,preposition,от
western,B1,adjective,западный
track,B2,verb,отслеживать
revenge,C1,noun,месть
left,A1,noun,остаток
publication,B2,noun,публикация
match,A1,noun,матч
wildlife,B2,noun,дикая природа
salary,A2,noun,зарплата
shelter,B2,noun,жилье
memorial,C1,noun,мемориал
motivate,B2,verb,мотивировать
minute,C1,adjective,минутный
popular,A1,adjective,популярный
significantly,B2,adverb,значительно
written,B1,adjective,написанный
pants,A2,noun,штаны
number,A2,verb,насчитывать
weather,A1,noun,погода
recipient,C1,noun,получатель
medieval,C1,adjective,средневековый
yield,C1,verb,дать
question,A2,verb,спросить
low,A2,adverb,низко
target,A2,noun,цель
most,A1,pronoun,наибольшее
more,A1,pronoun,больше
ought,B1,modal verb,должен
stranger,B1,noun,незнакомец
that,A1,conjunction,чтобы
single,A2,noun,сингл
ownership,B2,noun,собственность
passage,B2,noun,проход
stadium,B1,noun,стадион
reverse,C1,adjective,обратный
retail,B2,noun,розница
love,A1,noun,любовь
warming,B2,noun,потепление
occurrence,C1,noun,возникновение
pack,B1,noun,пакет
lord,B2,noun,господь
trap,B2,noun,ловушка
never,A1,adverb,никогда не
validity,C1,noun,действительность
surrender,C1,verb,сдаться
temple,B2,noun,храм
sell,A1,verb,продавать
prosperity,C1,noun,процветание
virus,A2,noun,вирус
shop,A1,verb,делать покупки
represent,B1,verb,представлять
unconscious,B2,adjective,бессознательный
plan,A1,verb,планировать
remains,C1,noun,останки
postpone,C1,verb,отложить
suppose,A2,verb,предположить
marriage,B1,noun,брак
sheer,C1,adjective,чистый
tie,A2,verb,связать
poverty,B1,noun,нищета
specific,A2,adjective,конкретный
position,A2,noun,позиция
lot,A1,determiner,много
university,A1,noun,университет
odd,B1,adjective,странный
regard,B2,noun,связи
property,B1,noun,собственность
loudly,A2,adverb,громко
manipulate,C1,verb,манипулировать
reasoning,C1,noun,рассуждение
solicitor,C1,noun,адвокат
loop,C1,noun,петля
red,A1,adjective,красный
statistic,B1,noun,статистика
poisonous,B1,adjective,ядовитый
probe,C1,noun,зонд
settle,B2,verb,урегулировать
say,C1,noun,слово
scholar,B2,noun,ученый
space,A1,noun,пространство
slash,C1,verb,сократить
solar,B2,adjective,солнечный
stereotype,C1,noun,стереотип
shoot,B1,verb,стрелять
rely,B2,verb,полагаться
taste,A2,noun,вкус
tobacco,C1,noun,табак
van,A2,noun,фургон
success,A1,noun,успех
star,A1,noun,звезда
resource,B1,noun,ресурс
tonight,A1,adverb,сегодня вечером
stable,B2,adjective,стабильный
treaty,C1,noun,договор
yesterday,A1,noun,вчера
without,A1,preposition,без
till,B1,preposition,до тех пор пока
quite,A1,adverb,довольно
orchestra,B2,noun,оркестр
sympathetic,B2,adjective,сочувствующий
tall,A1,adjective,высокий
symptom,B1,noun,симптом
stroke,B2,noun,инсульт
square,A2,adjective,квадратный
projection,C1,noun,проекция
urgent,B2,adjective,срочный
refer,A2,verb,относиться
referendum,C1,noun,референдум
park,A1,noun,парк
printer,A2,noun,принтер
reduce,A2,verb,уменьшить
much,A1,pronoun,большая часть
prospective,C1,adjective,потенциальный
tender,C1,adjective,нежный
mobility,C1,noun,мобильность
random,B2,adjective,случайный
wherever,B2,conjunction,везде
sense,A2,noun,смысл
suite,C1,noun,набор
spokesperson,B2,noun,представитель
material,B2,adjective,материальный
suggest,A2,verb,предлагать
troop,B2,noun,войско
therefore,B1,adverb,поэтому
weird,B2,adjective,странный
pastor,C1,noun,пастор
tension,B2,noun,напряженность
sign,A2,verb,подписать
maximum,B2,adjective,максимальный
noon,C1,noun,полдень
yard,B1,noun,двор
library,A1,noun,библиотека
signal,B1,verb,сигнализировать
outside,A1,adverb,снаружи
racing,B1,noun,гонка
phone,A1,noun,телефон
organized,B1,adjective,организованный
racist,B2,adjective,расистский
team,A1,noun,команда
wholly,C1,adverb,полностью
spoon,A2,noun,ложка
rate,A2,noun,ставка
petition,C1,noun,петиция
pleasure,B1,noun,удовольствие
male,A2,noun,мужчина
resignation,C1,noun,отставка
receiver,B2,noun,приемник
value,B1,noun,стоимость
try,B2,noun,попытка
vote,B1,verb,голосовать
strict,B2,adjective,строгий
youth,B1,noun,молодежь
proper,B1,adjective,надлежащий
total,C1,verb,составить
visa,B2,noun,виза
million,A1,number,миллион
wide,A2,adjective,широкий
volunteer,B1,verb,вызваться
old,A1,adjective,старый
wise,B2,adjective,мудрый
suppress,C1,verb,подавлять
secretary,A2,noun,секретарь
robust,C1,adjective,надежный
stream,B2,noun,поток
lovely,A2,adjective,прекрасный
plunge,C1,verb,окунуться
word,A1,noun,слово
receive,A2,verb,получать
speaker,A2,noun,спикер
optimism,C1,noun,оптимизм
spectacular,B2,adjective,впечатляющий
pray,B1,verb,молиться
mess,B1,noun,беспорядок
surgeon,B2,noun,хирург
poll,C1,noun,опрос
politician,B1,noun,политик
offend,B2,verb,обидеть
taste,A2,verb,попробовать
memoir,C1,noun,мемуары
marker,B2,noun,маркер
thief,A2,noun,вор
second,A2,adverb,во-вторых
minimize,C1,verb,минимизировать
loss,B1,noun,потеря
little,A2,adverb,немного
portrait,B1,noun,портрет
notebook,B2,noun,ноутбук
structural,C1,adjective,структурный
potentially,B2,adverb,потенциально
monthly,B2,adjective,ежемесячный
suburban,C1,adjective,пригородный
spiritual,B2,adjective,духовный
own,A1,adjective,собственный
shower,A1,noun,душ
segment,C1,noun,сегмент
win,B1,noun,победа
physician,C1,noun,врач
rebel,C1,noun,мятежник
retired,B1,adjective,отставной
sometimes,A1,adverb,иногда
organize,A2,verb,организовать
pretty,A1,adverb,довольно
release,B1,noun,освобождение
running,A2,noun,бег
show,A1,verb,показать
totally,B1,adverb,полностью
relationship,A2,noun,отношение
project,B2,verb,проецировать
secular,C1,adjective,светский
unfair,B1,adjective,несправедливый
religious,B1,adjective,религиозный
mill,C1,noun,мельница
oven,A2,noun,печь
view,B1,verb,считать
programme,A1,noun,программа
peculiar,C1,adjective,своеобразный
purely,B2,adverb,чисто
often,A1,adverb,часто
pity,B2,noun,жалость
speculation,B2,noun,спекуляция
map,A1,noun,карта
wonderful,A1,adjective,замечательный
pit,C1,noun,яма
tail,B1,noun,хвост
major,,noun,майор
renew,C1,verb,возобновить
minimal,C1,adjective,минимальный
swing,C1,noun,качели
truth,B1,noun,истина
precede,B2,verb,предшествовать
merely,C1,adverb,просто
welcome,A2,noun,прием
she,A1,pronoun,он
tragedy,B2,noun,трагедия
make-up,B2,noun,макияж
proposition,C1,noun,предложение
whole,B1,noun,целое
reasonable,B2,adjective,разумный
visit,A1,verb,посетить
pollution,A2,noun,загрязнение
rush,B2,verb,спешить
opposition,B2,noun,оппозиция
menu,A1,noun,меню
wash,A2,noun,мытье
overwhelming,C1,adjective,подавляющий
refuge,C1,noun,убежище
reflection,C1,noun,отражение
suspend,B2,verb,приостановить
magnificent,B2,adjective,великолепный
stomach,A2,noun,желудок
technological,B2,adjective,технологический
spectacle,C1,noun,зрелище
nominee,C1,noun,кандидат
nest,C1,noun,гнездо
thing,A1,noun,вещь
shopping,A1,noun,покупка
route,A2,noun,маршрут
prevalence,C1,noun,распространенность
the,A1,,определённый артикль
rub,B2,verb,потереть
swim,A1,verb,плавать
outline,B2,noun,набросок
registration,B2,noun,регистрация
solo,C1,noun,соло
regard,B2,verb,считать
split,B2,noun,раскол
series,A2,noun,серия
quote,B1,noun,цитата
translation,B1,noun,перевод
travel,A1,noun,путешествие
willingness,C1,noun,готовность
sail,B1,noun,парус
ugly,B1,adjective,уродливый
unless,B1,conjunction,если
probe,C1,verb,исследовать
misery,C1,noun,страдание
wire,B2,noun,проволока
promote,B1,verb,способствовать
perception,B2,noun,восприятие
veteran,C1,noun,ветеран
musical,B1,noun,мюзикл
performance,B1,noun,производительность
sailing,A2,noun,плавание
lemon,A2,noun,лимон
stability,C1,noun,стабильность
mob,C1,noun,толпа
thin,A2,adjective,тонкий
manuscript,C1,noun,рукопись
queue,B1,verb,стоять в очереди
withdraw,B2,verb,вывести
miserable,B2,adjective,несчастный
mechanical,B2,adjective,механический
warning,B1,noun,предупреждение
regret,B2,noun,сожаление
stir,C1,verb,перемешать
smile,A2,noun,улыбка
opposite,A1,adjective,противоположный
plot,B2,verb,проложить
obey,B2,verb,подчиняться
ultimate,B2,adjective,конечный
while,B1,noun,время
operational,C1,adjective,оперативный
pin,B1,noun,булавка
stretch,B2,noun,участок
poor,A1,adjective,бедный
metre,A1,noun,метр
search,A2,verb,искать
screening,B2,noun,скрининг
volume,B2,noun,объем
wealth,B2,noun,богатство
mandate,C1,noun,мандат
rhythm,B2,noun,ритм
now,A1,adverb,теперь
trailer,C1,noun,трейлер
licence,B2,noun,лицензия
license,C1,verb,лицензировать
potato,A1,noun,картофель
turn,A1,verb,превратить
several,A2,pronoun,некоторые
roll,B1,verb,катиться
positive,B2,noun,позитив
presently,C1,adverb,в настоящее время
temperature,A2,noun,температура
lucky,A2,adjective,счастливый
sibling,B2,noun,брат
option,A2,noun,вариант
tree,A1,noun,дерево
may,A2,modal verb,мочь
politics,B1,noun,политика
pet,A2,noun,питомец
occasion,B1,noun,случай
survive,B1,verb,выжить
objection,C1,noun,возражение
scare,B2,noun,страх
symbolic,C1,adjective,символический
obviously,B1,adverb,очевидно
subsidy,C1,noun,субсидия
shade,B2,noun,тень
present,A1,adjective,настоящий
stock,B2,noun,акция
solid,B1,adjective,твердый
once,B1,conjunction,как только
onto,A2,preposition,на
notion,B2,noun,понятие
primarily,B2,adverb,прежде всего
sympathy,B2,noun,сочувствие
magazine,A1,noun,журнал
shooting,B2,noun,стрельба
shatter,C1,verb,разрушить
smell,A2,noun,запах
substitute,C1,noun,замена
spell,A1,verb,означать
lighting,B2,noun,освещение
use,A2,noun,использование
limit,B1,verb,ограничить
over,A1,preposition,над
magic,B1,adjective,волшебный
resign,B2,verb,уйти
safe,A2,adjective,безопасный
thankfully,C1,adverb,к счастью
mystery,B1,noun,тайна
surprise,A2,noun,сюрприз
penalty,B2,noun,наказание
parliamentary,C1,adjective,парламентский
write,A1,verb,писать
sort,A2,noun,род
republic,C1,noun,республика
live,B1,adjective,живой
low,B2,noun,минимум
stone,A2,noun,камень
surprised,A2,adjective,удивленный
somewhat,B2,adverb,несколько
measurement,B2,noun,измерение
which,A1,determiner,который
tool,A2,noun,инструмент
many,A1,pronoun,многие
though,B1,conjunction,хотя
predominantly,C1,adverb,преимущественно
stupid,A2,adjective,глупый
source,A2,noun,источник
uphold,C1,verb,поддерживать
weakness,B2,noun,слабость
reckon,B2,verb,считать
well,A1,adverb,хорошо
telephone,A1,verb,позвонить
profession,B1,noun,профессия
petrol,A2,noun,бензин
praise,B2,noun,похвала
magic,B1,noun,магия
magistrate,C1,noun,магистрат
systematic,C1,adjective,систематический
nutrition,B2,noun,питание
they,A1,pronoun,их
stop,A1,verb,остановить
step,B2,verb,выйти
nose,A1,noun,нос
nation,B1,noun,нация
second,A1,noun,секунда
review,A2,verb,пересмотреть
pocket,A2,noun,карман
nasty,B2,adjective,неприятный
seventeen,A1,number,семнадцать
organ,B2,noun,орган
progress,B2,verb,прогрессировать
technique,B1,noun,техника
slice,B1,verb,нарезать
prediction,B1,noun,предсказание
sweet,A2,noun,сладость
practice,A1,noun,практика
pitch,B2,noun,поле
responsibility,B1,noun,ответственность
pot,B1,noun,горшок
search,A2,noun,поиск
logic,C1,noun,логика
outing,C1,noun,прогулка
resistance,C1,noun,сопротивление
recording,A2,noun,запись
title,B2,verb,называться
row,B1,noun,ряд
mouth,A1,noun,рот
love,A1,verb,любить
vegetable,A1,noun,овощ
terminal,C1,adjective,терминальный
reading,A1,noun,чтение
loud,A2,adjective,громкий
month,A1,noun,месяц
start,A2,noun,начало
lobby,C1,noun,лобби
two,A1,number,два
significant,B2,adjective,значительный
magnetic,C1,adjective,магнитный
mining,C1,noun,майнинг
twin,A2,noun,близнец
wind,A2,noun,ветер
sugar,A1,noun,сахар
tribunal,C1,noun,трибунал
sin,C1,noun,грех
soup,A1,noun,суп
punish,B1,verb,наказать
oblige,C1,verb,обязывать
load,B2,verb,загрузить
predictable,B2,adjective,предсказуемый
sleep,A1,verb,спать
tent,B1,noun,палатка
terrorist,B2,noun,террорист
related,B1,adjective,соответствующий
south,A1,noun,юг
novel,A2,noun,роман
part-time,B2,adjective,на полставки
west,A1,noun,запад
wall,A1,noun,стена
swim,B1,noun,плавание
poison,B1,noun,яд
productivity,C1,noun,производительность
schedule,B2,verb,запланировать
restraint,C1,noun,сдержанность
nearby,B2,adverb,рядом
wash,A1,verb,мыть
software,B1,noun,программа
yellow,A1,noun,желтый цвет
sacrifice,C1,verb,пожертвовать
moral,B2,adjective,моральный
shell,B1,noun,оболочка
work,A1,verb,работать
sporting,B2,adjective,спортивный
sun,A1,noun,солнце
tackle,B2,verb,решать
tax,B1,verb,облагать налогом
than,A1,conjunction,более
wine,A1,noun,вино
substantially,C1,adverb,существенно
mistake,A1,noun,ошибка
pause,B2,noun,пауза
medium,B1,adjective,средний
retreat,C1,noun,отступление
proportion,B2,noun,доля
spectator,B2,noun,зритель
today,A1,adverb,сегодня
origin,B2,noun,происхождение
station,A1,noun,станция
respect,B1,verb,уважать
satellite,B2,noun,спутник
narrow,B2,verb,сузить
prosecute,C1,verb,преследовать
worship,C1,noun,поклонение
rescue,B2,noun,спасение
realm,C1,noun,сфера
under,A1,preposition,под
thoroughly,B2,adverb,тщательно
signal,B1,noun,сигнал
whatever,B1,determiner,любой
minister,B2,noun,министр
socialist,C1,adjective,социалистический
typically,B1,adverb,обычно
struggle,B2,noun,борьба
unusual,A2,adjective,необычный
seem,A2,,кажется
slide,B2,noun,слайд
worst,B2,noun,худшее
privacy,B2,noun,конфиденциальность
profit,B1,noun,прибыль
rice,A1,noun,рис
opposed,B2,adjective,противоположный
transform,B2,verb,превратить
voice,A2,noun,голос
specialize,B2,verb,специализироваться
nor,B1,adverb,тоже
liquid,B1,noun,жидкость
ski,A2,adjective,горнолыжный
meeting,A1,noun,встреча
throughout,B1,preposition,по всей
link,A2,noun,ссылка
trust,B2,verb,доверять
tank,B2,noun,танк
processor,C1,noun,процессор
likewise,B2,adverb,также
together,A1,adverb,вместе
tooth,A1,noun,зуб
page,A1,noun,страница
thrive,C1,verb,процветать
undermine,C1,verb,подорвать
straight,A2,adverb,прямо
line,A1,noun,линия
precisely,B2,adverb,именно
terms,B2,noun,условия
widespread,B2,adjective,повсеместный
suspension,C1,noun,подвеска
whip,C1,verb,взбить
want,A1,verb,хотеть
none,A2,pronoun,ни один
long,A1,adverb,долго
must,A1,modal verb,должен
marketing,B1,noun,маркетинг
resolution,B2,noun,резолюция
neither,B1,adverb,тоже
voluntary,B2,adjective,добровольный
normal,A2,adjective,нормальный
stark,C1,adjective,суровый
machine,A1,noun,машина
robbery,B2,noun,ограбление
power,B2,verb,питать
sorry,A1,exclamation,простите
too,A1,adverb,слишком
range,B1,noun,диапазон
violate,C1,verb,нарушать
succession,C1,noun,правопреемство
recovery,B2,noun,восстановление
turnover,C1,noun,оборот
permission,A2,noun,разрешение
peace,A2,noun,мир
result,B1,verb,приводить
rubber,B2,adjective,резиновый
service,A2,noun,служба
refuse,A2,verb,отказаться
racial,B2,adjective,расовый
position,B2,verb,позиционировать
universal,B2,adjective,универсальный
pure,B2,adjective,чистый
perhaps,A2,adverb,возможно
level,B1,adjective,ровная
worst,B1,adverb,наиболее
resident,B2,noun,житель
shortly,B2,adverb,вскоре
set-up,C1,noun,настройка
significance,B2,noun,значение
tackle,C1,noun,снасть
lifetime,B2,noun,жизнь
system,A2,noun,система
sign,A2,noun,знак
suspicion,C1,noun,подозрение
share,A1,verb,поделиться
military,B2,adjective,военный
situation,A1,noun,ситуация
scan,B1,verb,сканировать
trick,B1,noun,трюк
sure,A1,adjective,уверенный
removal,C1,noun,удаление
memo,C1,noun,записка
match,A1,verb,соответствовать
superb,C1,adjective,превосходный
screw,C1,verb,облажаться
shortage,B2,noun,нехватка
warm,B1,verb,согреть
spring,B2,verb,проистекать
speed,B2,verb,ускорять
missing,A2,adjective,недостающий
sentence,B2,verb,приговорить
web,A2,noun,сайт
strength,B1,noun,сила
slope,B2,verb,клониться
title,A1,noun,название
stamp,A2,noun,марка
revision,B2,noun,пересмотр
november,A1,noun,ноябрь
printing,B1,noun,печать
motivation,B2,noun,мотивация
trauma,C1,noun,травма
now,B1,conjunction,раз уж
sick,A1,adjective,больной
vary,B2,verb,варьироваться
retire,B1,verb,уйти
ring,A2,verb,позвонить
twelve,A1,number,двенадцать
season,A2,noun,сезон
ticket,A1,noun,билет
membership,B2,noun,членство
suburb,B2,noun,пригород
offensive,B2,adjective,наступательный
violation,C1,noun,нарушение
skill,A1,noun,навык
precise,B2,adjective,точный
tunnel,B2,noun,туннель
sound,A1,verb,звучать
rain,A1,noun,дождь
prescription,C1,noun,рецепт
online,A1,adverb,онлайн
treat,B1,verb,лечить
subscriber,C1,noun,абонент
trophy,C1,noun,трофей
my,A1,determiner,мой
quick,A1,adjective,быстрый
productive,C1,adjective,продуктивный
though,B1,adverb,однако
viable,C1,adjective,жизнеспособный
trade,B1,verb,торговать
visual,B2,adjective,визуальный
run,A1,verb,работать
side,A2,noun,сторона
onion,A1,noun,лук
surplus,C1,noun,излишек
unity,B2,noun,единство
notorious,C1,adjective,пресловутый
punishment,B1,noun,наказание
representative,B2,adjective,представительный
pad,C1,noun,панель
revolutionary,C1,adjective,революционный
recession,B2,noun,рецессия
rise,B1,noun,рост
sheet,A2,noun,лист
make,A1,verb,сделать
mix,B1,noun,смесь
selection,B2,noun,выбор
transfer,B2,verb,передавать
outdoor,B1,adjective,наружный
telephone,A1,noun,телефон
on,A1,adverb,далее
oppose,B2,verb,выступать против
until,A1,conjunction,пока не
sink,B1,verb,тонуть
pack,A2,verb,упаковать
violent,B1,adjective,насильственный
tablet,A2,noun,планшет
pilot,A2,noun,пилот
storm,A2,noun,шторм
strong,A1,adjective,сильный
senator,C1,noun,сенатор
probability,B2,noun,вероятность
type,A1,noun,тип
mainland,C1,noun,материк
right,A1,noun,право
paper,A1,noun,бумага
paint,A1,verb,рисовать
shrug,C1,verb,пожать плечами
tell,A1,verb,сказать
thick,A2,adjective,толстый
overwhelm,C1,verb,подавлять
ready,A1,adjective,готовый
normally,A2,adverb,обычно
relate,B1,verb,относиться
moment,A1,noun,момент
separate,A2,adjective,отдельный
original,B1,noun,оригинал
update,B1,noun,обновление
name,A1,verb,звать
mirror,A2,noun,зеркало
weekly,B2,adjective,еженедельный
value,B2,verb,ценить
utilize,C1,verb,использовать
visible,B2,adjective,видимый
logical,B2,adjective,логический
purple,A1,adjective,фиолетовый
publicity,B2,noun,реклама
specification,C1,noun,спецификация
port,B1,noun,порт
storage,C1,noun,хранение
sensitivity,C1,noun,чувствительность
trait,B2,noun,черта
wooden,A2,adjective,деревянный
prevent,A2,verb,предотвратить
shiny,B1,adjective,блестящий
such,A2,pronoun,такой
to,A1,preposition,к
split,B2,verb,разделить
mountain,A1,noun,гора
tsunami,B2,noun,цунами
perspective,B2,noun,перспектива
parent,A1,noun,родитель
range,B2,verb,варьироваться
second,A1,ordinal number,второй
role,A2,noun,роль
much,A1,adverb,гораздо
representative,B2,noun,представитель
wake,A1,verb,проснуться
naval,C1,adjective,военно-морской
risky,B2,adjective,рискованный
outlet,C1,noun,выход
spending,B1,noun,расходы
present,A1,noun,настоящее время
murder,B1,verb,убить
reporter,A2,noun,репортер
trainer,A2,noun,тренер
terminate,C1,verb,прекратить
order,A1,noun,порядок
underwear,B1,noun,белье
national,A2,adjective,национальный
optical,C1,adjective,оптический
piano,A1,noun,фортепиано
psychology,B2,noun,психология
round,A2,adverb,кругом
manage,A2,verb,управлять
snow,A1,verb,идет снег
lens,B2,noun,линза
presidential,C1,adjective,президентский
prior,B2,adjective,предварительный
weekend,A1,noun,выходные
usually,A1,adverb,обычно
legislature,C1,noun,законодательный орган
leave,A1,verb,оставить
mysterious,B2,adjective,таинственный
manufacture,B2,verb,производить
variety,A2,noun,разнообразие
vacuum,C1,noun,вакуум
utility,C1,noun,полезность
spot,B1,noun,место
setting,B1,noun,настройка
nevertheless,B2,adverb,тем не менее
soul,B2,noun,душа
stab,C1,verb,зарезать
tax,B1,noun,налог
predator,C1,noun,хищник
religion,B1,noun,религия
nurse,A1,noun,медсестра
suspicious,C1,adjective,подозрительный
length,B1,noun,длина
liable,C1,adjective,ответственный
shareholder,C1,noun,акционер
serious,A2,adjective,серьезный
valid,B2,adjective,действительный
vulnerability,C1,noun,уязвимость
spotlight,C1,noun,внимание
soccer,A2,noun,футбол
trace,B2,verb,проследить
such,A2,determiner,такой
modify,B2,verb,изменить
oversee,C1,verb,контролировать
status,B2,noun,статус
yet,A2,adverb,еще
trigger,C1,noun,курок
progressive,B2,adjective,прогрессивный
other,A1,adjective,другой
teenager,A1,noun,подросток
neighbour,A1,noun,сосед
rod,C1,noun,стержень
satisfied,B2,adjective,удовлетворенный
welfare,B2,noun,благосостояние
worry,B1,noun,беспокойство
participate,B1,verb,участвовать
operation,B1,noun,операция
yield,C1,noun,доходность
pose,B2,verb,представлять
path,B1,noun,путь
spouse,C1,noun,супруга
ward,C1,noun,палата
obtain,B2,verb,получить
wrap,B2,verb,обернуть
wrong,B2,noun,ошибка
theoretical,C1,adjective,теоретический
writing,A1,noun,написание
steep,B2,adjective,крутой
rhetoric,C1,noun,риторика
narrow,A2,adjective,узкий
saturday,A1,noun,суббота
zero,A2,number,ноль
slavery,C1,noun,рабство
wonder,B1,noun,чудо
respectively,C1,adverb,соответственно
protocol,C1,noun,протокол
with,A1,preposition,со
spy,C1,noun,шпион
timely,C1,adjective,своевременный
powder,B1,noun,порошок
salad,A1,noun,салат
numerous,B2,adjective,многочисленный
no one,A1,pronoun,никто
reservation,B1,noun,оговорка
shore,B2,noun,берег
province,C1,noun,провинция
volunteer,B1,noun,доброволец
towel,A2,noun,полотенце
publish,A2,verb,публиковать
tourism,A2,noun,туризм
near,A1,adverb,вблизи
superior,C1,adjective,превосходный
report,A1,noun,доклад
respond,A2,verb,реагировать
unemployed,B1,adjective,безработный
wood,A2,noun,дерево
wedding,A2,noun,свадьба
spill,B2,verb,пролить
legend,B2,noun,легенда
platform,A2,noun,платформа
silver,A2,adjective,серебряный
product,A1,noun,продукт
vow,C1,verb,поклясться
persuade,B1,verb,убедить
north,A1,adjective,северный
smoke,A2,verb,курить
similarity,B1,noun,сходство
palace,A2,noun,дворец
negotiation,B2,noun,переговоры
municipal,C1,adjective,муниципальный
practise,A1,verb,практиковать
wonder,B1,verb,задаваться вопросом
rival,B2,noun,соперник
slowly,A2,adverb,медленно
mature,C1,verb,созревать
log,C1,noun,журнал
star,A2,verb,играть главную роль
power,A2,noun,сила
residue,C1,noun,остаток
specifically,B1,adverb,специально
terribly,B2,adverb,ужасно
next,A1,adverb,рядом
pursue,B2,verb,преследовать
load,B2,noun,нагрузка
likely,A2,adjective,вероятный
portion,B2,noun,часть
tip,A2,noun,совет
suffering,B2,noun,страдание
nice,A1,adjective,хороший
painful,B1,adjective,болезненный
transit,C1,noun,транзит
threat,B2,noun,угроза
tremendous,C1,adjective,огромный
whoever,B2,pronoun,всякий
principal,C1,noun,директор
mercy,C1,noun,милосердие
nomination,C1,noun,номинация
stare,B2,verb,смотреть
then,A1,adverb,затем
movie,A1,noun,фильм
theory,B1,noun,теория
readily,C1,adverb,легко
note,B1,verb,отметить
top,A2,noun,вершина
originate,C1,verb,происходить
verify,C1,verb,проверить
slight,B2,adjective,небольшой
plate,A2,noun,пластина
mine,B1,noun,шахта
worst,A2,adjective,худший
objective,B2,adjective,объективный
safety,B1,noun,безопасность
some,A1,determiner,некоторые
say,A1,verb,сказать
militant,C1,adjective,воинствующий
maths,A2,noun,математика
vision,B2,noun,видение
sum,B2,noun,сумма
usual,A2,adjective,обычный
tactical,C1,adjective,тактический
variable,C1,noun,переменная
profound,C1,adjective,глубокий
patient,B2,adjective,больной
tonight,A1,noun,сегодняшний вечер
throughout,B1,adverb,повсюду
mass,B2,adjective,массовый
tale,B2,noun,сказка
tidy,A2,adjective,аккуратный
since,B1,adverb,поскольку
resume,C1,verb,возобновить
particularly,B1,adverb,особенно
vague,C1,adjective,расплывчатый
preliminary,C1,adjective,предварительный
your,A1,determiner,твой
vast,B2,adjective,огромный
persist,C1,verb,сохраняться
sequence,B2,noun,последовательность
very,A1,adverb,очень
smile,A2,verb,улыбаться
meet,A1,verb,встретиться
prey,C1,noun,добыча
object,A1,noun,объект
relevant,B2,adjective,соответствующий
settlement,C1,noun,урегулирование
light,A1,noun,свет
press,B1,noun,пресс
trend,B1,noun,тенденция
puzzle,B2,noun,головоломка
rail,B2,noun,рельс
political,B1,adjective,политический
scientific,B1,adjective,научный
supply,B1,verb,поставлять
novelist,B2,noun,писатель
nine,A1,number,девять
survivor,B2,noun,переживший
workplace,B2,noun,рабочее место
tube,B1,noun,трубка
passport,A1,noun,паспорт
reply,A2,verb,ответить
solve,A2,verb,решить
placement,B2,noun,размещение
pop,A2,noun,поп
mutual,C1,adjective,взаимный
organization,A2,noun,организация
oxygen,B2,noun,кислород
wage,B2,noun,зарплата
recruitment,B2,noun,вербовка
pump,C1,noun,насос
wear,A1,verb,носить
prayer,B1,noun,молитва
rally,C1,verb,сплотить
mission,B2,noun,миссия
trap,B2,verb,поймать
share,B1,noun,доля
past,A2,adverb,мимо
plug,C1,verb,подключить
master,B2,verb,освоить
post,A1,verb,публиковать
workout,C1,noun,тренировка
toe,B1,noun,палец
surge,C1,verb,расти
name,A1,noun,имя
revolution,B2,noun,революция
winter,A1,noun,зима
skull,B2,noun,череп
size,A2,noun,размер
undertake,B2,verb,провести
strike,B2,noun,забастовка
rest,A2,noun,отдых
study,A1,verb,изучать
resort,B2,noun,курорт
talent,B1,noun,талант
shipping,C1,noun,доставка
patrol,C1,noun,патруль
response,A2,noun,ответ
statement,A1,noun,заявление
radar,C1,noun,радар
warn,B1,verb,предупредить
photograph,A1,noun,фотография
yourself,A1,pronoun,себя
score,A2,noun,счет
sharp,B1,adjective,резкий
that,A1,determiner,тот
orientation,C1,noun,ориентация
pretty,A1,adjective,красивый
potential,B2,adjective,потенциальный
offence,B2,noun,преступление
rational,C1,adjective,рациональный
linger,C1,verb,задерживаться
tactic,C1,noun,тактика
teenage,A2,adjective,подростковый
lifelong,C1,adjective,пожизненный
nursery,C1,noun,детская
remind,B1,verb,напомнить
strike,B2,verb,ударить
set,B1,noun,набор
retain,B2,verb,сохранить
southern,B1,adjective,южный
naturally,B1,adverb,естественно
neglect,C1,noun,пренебрежение
where,A1,conjunction,если
lose,A1,verb,потерять
specialized,C1,adjective,специализированный
list,A1,verb,перечислить
slot,C1,noun,слот
researcher,A2,noun,исследователь
place,A1,noun,место
mass,B2,noun,масса
race,A2,noun,гонка
thursday,A1,noun,четверг
slap,C1,verb,ударить
silence,B2,noun,молчание
mouse,A1,noun,мышь
record,A2,verb,записывать
sticky,B2,adjective,липкий
seal,C1,verb,запечатать
march,C1,verb,идти
stem,C1,noun,стебель
purchase,B2,noun,покупка
teens,B2,noun,подростки
observer,B2,noun,наблюдатель
specify,B2,verb,указать
member,A1,noun,участник
location,B1,noun,место
suspect,B2,noun,подозреваемый
qualify,B1,verb,квалифицироваться
meaning,A1,noun,смысл
weed,C1,noun,сорняк
reside,C1,verb,проживать
yesterday,A1,adverb,вчера
term,B2,verb,называть
race,A2,verb,мчаться
utterly,C1,adverb,совершенно
premise,C1,noun,предпосылка
pink,A1,noun,розовый цвет
morning,A1,noun,утро
occupy,B2,verb,занимать
long-standing,C1,adjective,давний
migration,C1,noun,миграция
price,B2,verb,стоить
network,A2,noun,сеть
ride,A1,verb,ездить
raid,C1,verb,громить
throw,A2,verb,бросить
personal,A1,adjective,личный
recognize,A2,verb,признать
promise,A2,verb,обещать
opponent,B2,noun,противник
separation,C1,noun,разделение
severely,B2,adverb,серьезно
valley,A2,noun,долина
revelation,C1,noun,откровение
ok,A1,adjective,нормальный
submit,B2,verb,представить
stay,A2,noun,пребывание
may,A1,noun,май
shrink,C1,verb,сокращаться
specimen,C1,noun,образец
merger,C1,noun,слияние
practical,B1,adjective,практический
mature,C1,adjective,зрелый
scream,B2,verb,кричать
terror,B2,noun,террор
stick,B1,verb,придерживаться
seeker,B2,noun,искатель
when,A1,pronoun,при
resemble,C1,verb,напоминать
mind,A2,noun,ум
naked,B2,adjective,голый
strive,C1,verb,стремиться
prime,B2,adjective,главный
live,A1,verb,жить
terrific,C1,adjective,потрясающий
mate,B2,noun,приятель
moon,A2,noun,луна
state,B1,adjective,государственный
museum,A1,noun,музей
wrist,B2,noun,запястье
office,A1,noun,офис
plant,A1,noun,завод
theme,B1,noun,тема
phrase,A1,noun,фраза
strain,C1,noun,штамм
rich,A1,adjective,богатый
lottery,B2,noun,лотерея
rear,C1,adjective,задний
problematic,C1,adjective,проблематичный
sudden,B1,adjective,внезапный
scary,A2,adjective,страшный
red,A1,noun,красный цвет
protest,B1,verb,протестовать
tag,B2,verb,пометить
refusal,C1,noun,отказ
parade,B2,noun,парад
midst,C1,noun,середина
notably,C1,adverb,в частности
little,A1,pronoun,небольшое количество
neither,A2,pronoun,никто
october,A1,noun,октябрь
supreme,C1,adjective,верховный
switch,B1,verb,переключаться
tour,B1,verb,гастролировать
mathematics,A2,noun,математик
tie,A2,noun,галстук
responsible,B1,adjective,ответственный
philosophy,B2,noun,философия
own,A2,verb,владеть
portfolio,C1,noun,портфель
notable,C1,adjective,заметный
lot,A1,adverb,гораздо
memory,A2,noun,память
simulate,C1,verb,имитировать
sit,A1,verb,сидеть
yours,A2,pronoun,твой
rock,C1,verb,раскачивать
toss,C1,verb,бросить
tolerance,C1,noun,терпимость
precedent,C1,noun,прецедент
result,A1,noun,результат
ocean,A2,noun,океан
push,B1,noun,толчок
wet,A2,adjective,влажный
scratch,B2,verb,поцарапать
left,A1,adjective,левый
measure,B1,verb,измерить
suit,B1,verb,подойти
promotion,B2,noun,поощрение
pleased,A2,adjective,рад
pupil,B2,noun,ученик
swimming,A1,noun,плавание
local,A1,adjective,местный
real,A1,adjective,реальный
patient,A2,noun,пациент
unit,A2,noun,группа
threshold,C1,noun,порог
shock,B2,verb,шокировать
major,A2,adjective,крупный
rid,B2,verb,избавить
victim,B1,noun,жертва
middle,A2,noun,середина
maybe,A1,adverb,возможно
surgery,B2,noun,операция
symbol,A2,noun,символ
phase,B2,noun,этап
transfer,B2,noun,передача
plug,C1,noun,вилка
school,A1,noun,школа
task,A2,noun,задача
ship,B2,verb,отправить
occasional,C1,adjective,случайный
transaction,C1,noun,сделка
quarter,A1,noun,квартал
outcome,B2,noun,результат
show,A1,noun,шоу
wind,B2,verb,заводить
slow,B1,verb,замедлить
wisdom,B2,noun,мудрость
whom,B2,pronoun,который
talk,A1,verb,говорить
president,A2,noun,президент
protester,B2,noun,протестующий
rehabilitation,C1,noun,реабилитация
sponsor,B2,verb,спонсировать
promise,A2,noun,обещание
study,A1,noun,исследование
negotiate,B2,verb,вести переговоры
traveller,A2,noun,путешественник
toll,C1,noun,число жертв
margin,B2,noun,маржа
roof,A2,noun,крыша
somewhere,A2,pronoun,где-то
tear,B2,noun,слеза
same,A1,adverb,одинаково
originally,B1,adverb,первоначально
loom,C1,verb,маячить
per cent,A2,adverb,на сотню
warrant,C1,noun,ордер
lift,A2,noun,лифт
treasure,B2,noun,сокровище
precision,C1,noun,точность
stimulate,B2,verb,стимулировать
listing,C1,noun,список
worldwide,B1,adverb,во всем мире
sigh,C1,noun,вздох
worse,B2,noun,худшее
matter,A2,noun,вопрос
species,B2,noun,виды
somewhere,A2,adverb,где-то
science,A1,noun,наука
order,A1,verb,заказать
necessity,B2,noun,необходимость
request,B1,verb,просить
speech,A2,noun,речь
permit,B2,verb,позволить
temporary,B2,adjective,временный
rat,B2,noun,крыса
subsequent,B2,adjective,последующий
lobby,C1,verb,лоббировать
trigger,B2,verb,вызвать
should,A1,modal verb,следует
social,A2,adjective,социальный
properly,B1,adverb,правильно
pipeline,C1,noun,трубопровод
premier,C1,adjective,ведущий
up,A1,adverb,там
we,A1,pronoun,мы
openly,B2,adverb,открыто
transparency,C1,noun,прозрачность
up,A1,preposition,на
river,A1,noun,река
like,B1,noun,подобие
musician,A2,noun,музыкант
shop,A1,noun,магазин
trade,B1,noun,торговля
reporting,B2,noun,отчетность
repair,A2,verb,восстановить
preservation,C1,noun,сохранение
legacy,C1,noun,наследие
liberal,C1,noun,либерал
spider,A2,noun,паук
test,A1,verb,проверить
someone,A1,pronoun,кто-либо
more,A1,determiner,больше
tough,B2,adjective,жесткий
resist,B2,verb,сопротивляться
rent,B1,verb,арендовать
lecture,A2,verb,читать лекции
rubbish,A2,noun,мусор
round,A2,adjective,круглый
trial,B2,noun,суд
pill,B2,noun,таблетка
pain,A2,noun,боль
south,A1,adverb,южнее
than,A1,preposition,чем
residential,C1,adjective,жилой
remedy,C1,noun,средство
newsletter,C1,noun,информационный бюллетень
pool,A1,noun,бассейн
rose,B2,noun,роза
overlook,C1,verb,упускать из виду
require,B1,verb,требовать
sacrifice,C1,noun,жертва
twenty,A1,number,двадцать
surprising,A2,adjective,удивительный
opening,B2,noun,открытие
self,B2,noun,себя
urge,B2,verb,призывать
shadow,B2,noun,тень
traditional,A2,adjective,традиционный
twin,A2,adjective,двойной
step,A2,noun,шаг
weigh,B1,verb,весить
reverse,C1,verb,изменить
method,A2,noun,метод
limit,B1,noun,предел
partly,B2,adverb,частично
pan,B1,noun,пан
mine,A2,pronoun,мой
past,A1,noun,прошлое
police,A1,noun,полиция
venture,C1,noun,предприятие
successor,C1,noun,преемник
rebellion,C1,noun,восстание
tag,B2,noun,тег
similarly,B1,adverb,аналогично
package,B1,noun,пакет
tape,B1,noun,лента
opt,C1,verb,выбрать
miner,B2,noun,шахтер
melody,C1,noun,мелодия
sure,A2,adverb,конечно
legislative,C1,adjective,законодательный
ten,A1,number,десять
passionate,B2,adjective,страстный
upstairs,A1,adverb,наверху
push,A2,verb,подтолкнуть
venture,C1,verb,отправиться
trillion,B2,number,триллион
undoubtedly,C1,adverb,несомненно
normal,B1,noun,норма
maintenance,C1,noun,поддержание
priest,B1,noun,священник
water,B1,verb,поливать
trail,C1,noun,след
woman,A1,noun,женщина
sea,A1,noun,море
through,A1,adverb,путем
ultimately,B2,adverb,в конечном счете
mind,A2,verb,возражать
review,A2,noun,обзор
texture,C1,noun,текстура
light,A1,adjective,легкий
panic,B2,noun,паника
useful,A1,adjective,полезный
pride,B2,noun,гордость
shake,A2,verb,пожать
transportation,B2,noun,транспорт
princess,B1,noun,принцесса
tour,A2,noun,тур
limitation,B2,noun,ограничение
tenure,C1,noun,пребывание
ruin,B2,verb,испортить
simply,B1,adverb,только
total,B1,noun,общая сумма
surgical,C1,adjective,хирургический
radiation,B2,noun,излучение
trousers,A1,noun,брюки
serial,C1,adjective,серийный
send,A1,verb,отправить
more,A1,adverb,более
measure,B1,noun,мера
tournament,B2,noun,турнир
society,A2,noun,общество
speak,A1,verb,говорить
regional,B2,adjective,региональный
monkey,A2,noun,обезьяна
opinion,A1,noun,мнение
propose,B2,verb,предлагать
score,A2,verb,забить
when,A1,adverb,как только
parallel,B2,noun,параллель
pole,C1,noun,полюс
use,A1,verb,использовать
sadly,A2,adverb,к сожалению
personality,A2,noun,личность
motor,B2,adjective,моторный
timber,C1,noun,древесина
neighbourhood,B1,noun,район
shot,B2,noun,выстрел
nineteen,A1,number,девятнадцать
obsess,C1,verb,зацикливаться
line,B2,verb,выстроить
nearly,A2,adverb,почти
notice,A2,verb,заметить
market,B1,verb,продавать
opposite,A1,preposition,против
wool,B1,noun,шерсть
reinforce,B2,verb,укрепить
rent,B1,noun,аренда
survey,B2,verb,опросить
middle,A2,adjective,средний
trust,B2,noun,доверие
motorist,C1,noun,автомобилист
struggle,B2,verb,бороться
seed,B1,noun,семя
tune,B2,noun,мелодия
sister,A1,noun,сестра
murder,B1,noun,убийство
payment,B1,noun,оплата
theirs,B1,pronoun,их
thinking,A2,noun,мышление
regret,B2,verb,пожалеть
watch,A1,noun,часы
only,A1,adjective,единственный
stance,B2,noun,позиция
process,A2,noun,процесс
watch,A1,verb,смотреть
servant,B1,noun,слуга
sovereignty,C1,noun,суверенитет
sceptical,C1,adjective,скептический
test,A1,noun,тест
submission,C1,noun,представление
security,B1,noun,безопасность
sky,A2,noun,небо
pace,B2,verb,шагать
tap,B2,noun,кран
perfect,A1,adjective,идеальный
tourist,A1,noun,турист
pull,A2,verb,вытащить
transparent,C1,adjective,прозрачный
secret,A2,noun,секрет
repeat,B1,noun,повторение
organizational,C1,adjective,организационный
synthesis,C1,noun,синтез
quantity,A2,noun,количество
that,A1,pronoun,что
pipe,B1,noun,труба
nut,A2,noun,орех
routine,A1,noun,рутина
north,A1,noun,север
monitor,B2,noun,монитор
time,B2,verb,приурочивать
their,A1,determiner,их
print,A2,verb,печатать
nonsense,C1,noun,ерунда
white,A1,adjective,белый
while,A2,conjunction,хотя
transcript,C1,noun,стенограмма
unlikely,B1,adjective,маловероятный
mum,A1,noun,мама
them,A1,pronoun,их
sauce,A2,noun,соус
poison,B1,verb,отравить
unfortunate,B2,adjective,несчастный
regulate,B2,verb,регулировать
production,B1,noun,производство
treatment,B1,noun,лечение
tropical,B2,adjective,тропический
stick,B1,noun,палка
painting,A1,noun,картина
stand,B2,noun,стенд
rough,B1,adjective,грубый
probably,A1,adverb,вероятно
that,B1,adverb,именно
partner,A1,noun,партнер
quote,B1,verb,цитировать
unify,C1,verb,объединить
litre,B2,noun,литр
tendency,B2,noun,тенденция
vacation,A1,noun,отпуск
motor,B2,noun,двигатель
uniform,A2,noun,форма
mostly,A2,adverb,в основном
slow,A1,adjective,медленный
maintain,B2,verb,поддерживать
section,A1,noun,раздел
mixed,B2,adjective,смешанный
supervisor,C1,noun,руководитель
obesity,B2,noun,ожирение
soap,A2,noun,мыло
still,B1,adjective,неподвижный
seek,B2,verb,искать
player,A1,noun,игрок
thought-provoking,C1,adjective,наводящий на размышления
listen,A1,verb,слушать
upstairs,A2,adjective,верхний
rejection,C1,noun,отказ
rule,B1,verb,править
provision,C1,noun,положение
literally,B2,adverb,буквально
proceed,B2,verb,приступить
thanks,A1,noun,благодарность
nervous,A2,adjective,нервный
patrol,C1,verb,патрулировать
nuclear,B1,adjective,ядерный
praise,B2,verb,хвалить
quest,C1,noun,поиск
sector,B2,noun,сектор
vocal,C1,adjective,вокальный
robot,B1,noun,робот
navigation,B2,noun,навигация
manifest,C1,verb,проявляться
stair,A2,noun,лестница
out,A1,adverb,вне
skilled,B2,adjective,квалифицированный
touch,A2,verb,трогать
thousand,A1,number,тысяча
popularity,B2,noun,популярность
shirt,A1,noun,рубашка
proud,B1,adjective,гордый
minority,B2,noun,меньшинство
piece,A1,noun,кусок
rural,B2,adjective,сельский
little,A1,adjective,маленький
neither,A2,determiner,никакой
per cent,A2,noun,процент
ranking,C1,noun,рейтинг
spokeswoman,B2,noun,пресс-секретарь
rage,C1,noun,ярость
nationwide,C1,adjective,общенациональный
runner,A2,noun,бегун
royal,B1,adjective,королевский
whatsoever,C1,adverb,вообще
rude,A2,adjective,грубый
objective,B2,noun,цель
stunning,B2,adjective,потрясающий
sail,A2,verb,плыть
pronounce,A2,verb,произносить
notify,C1,verb,уведомить
seat,B2,verb,садиться
quietly,A2,adverb,спокойно
neighbouring,C1,adjective,соседний
militant,C1,noun,боевик
wipe,C1,verb,стереть
log,C1,verb,войти
plastic,A2,noun,пластик
screen,B2,verb,проверять
one,A1,number,один
return,A1,verb,вернуться
shift,B1,noun,сдвиг
vertical,B2,adjective,вертикальный
monument,B2,noun,памятник
supervision,C1,noun,надзор
useless,B2,adjective,бесполезный
register,B2,noun,реестр
short,A1,adjective,короткий
presumably,C1,adverb,предположительно
used to,A2,modal verb,иметь обыкновение
unpleasant,B1,adjective,неприятный
preserve,B2,verb,сохранить
obvious,B1,adjective,очевидный
technology,A2,noun,технология
mixture,B1,noun,смесь
procedure,B2,noun,процедура
regulator,C1,noun,регулятор
literary,B2,adjective,литературный
still,A1,adverb,еще
solid,B1,noun,массив
odds,C1,noun,шансы
ruin,B2,noun,руина
seventy,A1,number,семьдесят
stress,A2,verb,подчеркнуть
what,A1,determiner,что
winner,A2,noun,победитель
provoke,C1,verb,спровоцировать
shut,A2,verb,закрыть
many,A1,determiner,много
psychiatric,C1,adjective,психиатрический
neglect,C1,verb,пренебрегать
luxury,B1,noun,роскошь
return,A1,noun,возвращение
underground,A2,adjective,подземный
tend,B1,verb,иметь тенденцию
professional,B2,noun,профессионал
memorable,B2,adjective,памятный
reign,C1,verb,царствовать
mosque,B2,noun,мечеть
union,B1,noun,союз
mainstream,C1,adjective,основной
privatization,C1,noun,приватизация
voting,B2,noun,голосование
not,A1,adverb,нет
pleasant,B1,adjective,приятный
wing,B1,noun,крыло
soar,C1,verb,парить
mode,B2,noun,режим
oh,A1,exclamation,ох
mentor,C1,noun,наставник
reveal,B2,verb,раскрыть
tuition,C1,noun,обучение
respective,C1,adjective,соответствующий
uncomfortable,B1,adjective,неудобный
monk,C1,noun,монах
shut,A2,adjective,закрытый
punk,B2,noun,панк
so-called,B2,adjective,так называемый
recall,B2,verb,напомнить
stumble,C1,verb,наткнуться
super,B2,adjective,супер
lock,A2,noun,замок
within,B1,preposition,в течение
mayor,B2,noun,мэр
produce,B2,noun,производство
string,B1,noun,строка
minute,A1,noun,минута
reluctant,C1,adjective,неохотный
prescribe,C1,verb,назначить
pink,A1,adjective,розовый
rival,B2,adjective,конкурирующий
prompt,B2,verb,побудить
opportunity,A2,noun,возможность
scope,C1,noun,масштаб
something,A1,pronoun,кое-что
official,B1,adjective,официальный
sexy,B2,adjective,сексуальный
studio,B1,noun,студия
medium,B2,noun,среда
shock,B2,noun,шок
wheel,A2,noun,колесо
outfit,B2,noun,наряд
roughly,B2,adverb,примерно
meat,A1,noun,мясо
simultaneously,C1,adverb,одновременно
sanction,C1,noun,санкция
tight,B1,adjective,жесткий
less,A2,adverb,менее
modest,B2,adjective,скромный
mobilize,C1,verb,мобилизовать
student,A1,noun,студент
state,B1,verb,заявить
verbal,C1,adjective,словесный
rock,A2,noun,рок
unable,B1,adjective,неспособный
program,A2,noun,программа
married,A1,adjective,женатый
shoe,A1,noun,обувь
manipulation,C1,noun,манипуляция
public,A2,adjective,общественный
regularly,B1,adverb,регулярно
supply,B1,noun,поставка
spoil,B2,verb,испортить
yell,C1,verb,кричать
spectrum,C1,noun,спектр
rate,B2,verb,оценить
presume,C1,verb,полагать
retirement,B2,noun,пенсия
officer,A2,noun,офицер
overcome,B2,verb,преодолеть
organizer,B1,noun,организатор
widely,B2,adverb,широко
lip,B1,noun,губа
letter,A1,noun,письмо
survival,B2,noun,выживание
please,A2,verb,угодить
project,A1,noun,проект
wish,A2,noun,желание
preach,C1,verb,проповедовать
revive,C1,verb,возродить
testify,C1,verb,свидетельствовать
only,A1,adverb,только
secure,B2,verb,защитить
master,B2,noun,мастер
low,A2,adjective,низкий
luck,A2,noun,удача
trail,C1,verb,отставать
severe,B2,adjective,тяжелый
wrong,B1,adverb,неправильно
main,A1,adjective,основной
worse,B1,adverb,хуже
selective,C1,adjective,избирательный
venue,B2,noun,место
passive,C1,adjective,пассивный
subscription,C1,noun,подписка
mild,B1,adjective,мягкий
mate,B2,verb,спариваться
past,A1,adjective,прошлый
thorough,B2,adjective,тщательный
norm,B2,noun,норма
publishing,B2,noun,публикация
till,B1,conjunction,пока
lie,A1,verb,лгать
skirt,A1,noun,юбка
saint,C1,noun,святитель
wow,A2,exclamation,вау
so,A1,adverb,так
today,A1,noun,сегодня
one,A1,pronoun,можно
physical,A2,adjective,физический
toy,A2,adjective,игрушечный
relieved,B2,adjective,рад
tide,C1,noun,прилив
progress,A2,noun,прогресс
tin,B1,noun,олово
offer,A2,verb,предлагать
methodology,C1,noun,методология
sophisticated,B2,adjective,сложный
life,A1,noun,жизнь
strategy,A2,noun,стратегия
themselves,A2,pronoun,себя
miss,A1,verb,пропустить
special,A1,adjective,специальный
training,A2,noun,обучение
scale,B2,noun,масштаб
sunday,A1,noun,воскресенье
patron,C1,noun,покровитель
summer,A1,noun,лето
vitamin,B2,noun,витамин
own,A1,pronoun,свой
recount,C1,verb,рассказать
region,A2,noun,регион
young,B1,noun,молодежь
non-profit,C1,adjective,некоммерческий
outside,A2,adjective,внешний
sample,B1,noun,образец
night,A1,noun,ночь
residence,C1,noun,резиденция
shy,B1,adjective,застенчивый
recover,B2,verb,восстановить
store,B1,verb,хранить
subject,B2,adjective,подлежащий
when,A1,conjunction,когда
structure,B2,verb,структурировать
soil,B1,noun,почва
rape,C1,verb,изнасиловать
well,A1,exclamation,прекрасно
remove,A2,verb,удалить
painter,A2,noun,художник
strongly,B1,adverb,решительно
stay,A1,verb,остаться
maximize,C1,verb,максимизировать
universe,B2,noun,вселенная
sweet,A2,adjective,сладкий
warrant,C1,verb,гарантировать
toilet,A1,noun,туалет
pick,B2,noun,выбор
withdrawal,C1,noun,вывод
oil,A2,noun,масло
merge,C1,verb,сливаться
reserve,B2,noun,резерв
solely,C1,adverb,исключительно
rugby,B1,noun,регби
monopoly,C1,noun,монополия
respect,B1,noun,уважение
pass,A2,verb,пройти
metal,A2,noun,металл
somebody,A1,pronoun,кое-кто
queue,B1,noun,очередь
nominate,C1,verb,назначить
state,A2,noun,государство
protein,B2,noun,белок
mandatory,C1,adjective,обязательный
rotation,C1,noun,вращение
wound,B2,noun,рана
please,A1,exclamation,пожалуйста
lonely,B1,adjective,одинокий
standing,C1,adjective,постоянный
point,A1,noun,точка
twist,C1,noun,поворот
scheme,B2,noun,схема
tenant,C1,noun,арендатор
recommend,A2,verb,рекомендовать
spicy,B1,adjective,острый
workforce,B2,noun,рабочая сила
magical,C1,adjective,волшебный
ray,C1,noun,луч
unknown,B2,adjective,неизвестный
propaganda,C1,noun,пропаганда
shake,B1,noun,коктейль
slogan,B2,noun,лозунг
reserve,B2,verb,зарезервировать
pass,B1,noun,пропуск
persistent,C1,adjective,постоянный
slide,B2,verb,скользить
rape,C1,noun,изнасилование
spice,B2,noun,специя
soldier,A2,noun,солдат
same,A1,adjective,одинаковый
proof,B2,noun,доказательство
sand,B1,noun,песок
remark,B2,noun,замечание
sleep,A2,noun,сон
organic,B2,adjective,органический
round,A2,preposition,вокруг
sacred,C1,adjective,священный
render,C1,verb,сделать
upset,B1,verb,расстроить
mark,A2,noun,отметка / знак
mother,A1,noun,мать
relieve,B2,verb,облегчить
workshop,B2,noun,семинар
twist,C1,verb,крутить
pioneer,C1,verb,быть пионером
principle,B2,noun,принцип
ring,A2,noun,кольцо
limb,C1,noun,конечность
vein,C1,noun,вена
machinery,C1,noun,механизм
sweater,A1,noun,свитер
shocking,B2,adjective,шокирующий
refugee,B2,noun,беженец
realize,A2,verb,понимать
thread,C1,noun,нить
testimony,C1,noun,показание
pump,C1,verb,перекачивать
way,A1,noun,способ
united,A2,adjective,единый
world,A1,noun,мир
mainly,B1,adverb,в основном
part,A1,noun,часть
urban,B2,adjective,городской
pattern,A2,noun,модель
start,A1,verb,начать
tyre,B1,noun,шина
ours,B1,pronoun,наш
promising,B2,adjective,перспективный
skiing,A2,noun,лыжи
willing,B2,adjective,готовый
young,A1,adjective,молодой
singing,A2,noun,пение
most,A1,adverb,наиболее
trip,B2,verb,путешествовать
shame,B2,noun,стыд
neutral,B2,adjective,нейтральный
necessary,A2,adjective,необходимый
underlying,C1,adjective,основной
text,A1,noun,текст
terrain,C1,noun,местность
worker,A1,noun,работник
remarkably,B2,adverb,удивительно
trip,A1,noun,поездка
shout,A2,noun,крик
net,C1,adjective,чистый
party,A1,noun,партия
previously,B1,adverb,ранее
poetry,B1,noun,поэзия
pond,C1,noun,пруд
squeeze,C1,verb,выжать
ton,B2,noun,тонна
wit,C1,noun,остроумие
scattered,C1,adjective,рассеянный
substitute,C1,verb,заменить
material,A2,noun,материал
patience,B2,noun,терпение
natural,A1,adjective,природный
saving,B2,noun,спасение
lost,A2,adjective,потерянный
pension,B2,noun,пенсия
newspaper,A1,noun,газета
unacceptable,B2,adjective,неприемлемый
observation,B2,noun,наблюдение
mainstream,C1,noun,мейнстрим
myth,B2,noun,миф
true,A1,adjective,истинный
needle,B1,noun,игла
retrieve,C1,verb,получить
simulation,C1,noun,моделирование
loyal,B2,adjective,лояльный
prove,B1,verb,доказать
relative,B1,noun,родственник
located,B1,adjective,расположенный
smash,C1,verb,разбить
research,A2,noun,исследование
stage,B2,verb,устроить
legitimate,C1,adjective,законный
possess,B2,verb,обладать
marry,A2,verb,жениться на
offspring,C1,noun,потомство
sake,C1,noun,благо
raw,B2,adjective,сырой
welcome,A1,exclamation,добро пожаловать
sample,B2,verb,попробовать
target,B2,verb,нацелить
representation,C1,noun,представительство
nonetheless,C1,adverb,тем не менее
modification,C1,noun,модификация
technical,B1,adjective,технический
recycle,A2,verb,перерабатывать
therapist,B2,noun,терапевт
throat,B1,noun,горло
welcome,A1,verb,приветствовать
presidency,C1,noun,президентство
spot,B2,verb,обнаружить
time,A1,noun,время
transmission,C1,noun,передача
reportedly,C1,adverb,по сообщениям
obligation,B2,noun,обязательство
thirsty,A1,adjective,жаждущий
shed,C1,verb,пролить
protection,B2,noun,защита
permit,B2,noun,разрешение
plus,B2,conjunction,а также
monitor,B2,verb,контролировать
poem,B1,noun,стихотворение
which,A1,pronoun,который
thank,A1,verb,поблагодарить
suicide,C1,noun,самоубийство
satisfy,B2,verb,удовлетворить
sport,A1,noun,спорт
warfare,C1,noun,война
overturn,C1,verb,отменить
uncle,A1,noun,дядя
pretend,B1,verb,притворяться
pledge,C1,verb,обещать
strip,C1,noun,полоса
since,A2,preposition,с
medicine,A2,noun,медицина
meantime,C1,noun,момент
nursing,B2,noun,медсестра
qualification,B1,noun,квалификация
nod,C1,verb,кивать
rental,C1,noun,аренда
plus,B2,adjective,положительный
ratio,C1,noun,соотношение
tower,A2,noun,башня
six,A1,number,шесть
weak,A2,adjective,слабый
logo,B2,noun,логотип
washing,A2,noun,мытье
medication,B2,noun,лекарство
list,A1,noun,список
west,A1,adjective,западный
substance,B1,noun,вещество
stake,C1,noun,доля
yet,B2,conjunction,но
mood,B1,noun,настроение
prepare,A1,verb,подготовить
missile,C1,noun,ракета
rare,B1,adjective,редкий
outside,A2,noun,улица
view,A2,noun,мнение
quickly,A1,adverb,быстро
outrage,C1,verb,возмутить
turnout,C1,noun,явка
pencil,A1,noun,карандаш
witness,B2,verb,наблюдать
spelling,A1,noun,написание
teacher,A1,noun,учитель
pioneer,C1,noun,пионер
sometime,B2,adverb,где-то
surface,B1,noun,поверхность
opposite,A1,noun,противоположность
subject,A1,noun,предмет
tradition,A2,noun,традиция
spite,B2,noun,злоба
work,A1,noun,работа
roll,B1,noun,рулон
trademark,C1,noun,товарный знак
outlook,C1,noun,перспектива
talented,B1,adjective,талантливый
reminder,C1,noun,напоминание
toy,A2,noun,игрушка
specialist,B2,noun,специалист
pair,A1,noun,пара
tv,A1,noun,телевизор
medal,B2,noun,медаль
pop,C1,verb,появляться
versus,C1,preposition,против
recruit,B2,verb,набирать
slam,C1,verb,хлопать
scare,B2,verb,пугать
track,A2,noun,трек
thereby,C1,adverb,тем самым
select,B2,verb,выбрать
possession,A2,noun,владение
punch,C1,verb,ударить
soon,A1,adverb,вскоре
wheat,B2,noun,пшеница
pirate,C1,noun,пират
spell,C1,noun,заклинание
mud,B1,noun,грязь
worthwhile,C1,adjective,стоящий
surveillance,C1,noun,наблюдение
restrict,B2,verb,ограничивать
queen,A2,noun,королева
lock,A2,verb,запереть
teach,A1,verb,научить
street,A1,noun,улица
mix,B1,verb,смешивать
ride,A2,noun,поездка
sufficiently,B2,adverb,достаточно
ridiculous,B2,adjective,смешной
since,A2,conjunction,так как
narrative,B1,noun,повествование
violence,B2,noun,насилие
sandwich,A1,noun,сэндвич
tired,A1,adjective,усталый
youngster,C1,noun,ребенок
ordinary,A2,adjective,обычный
site,A2,noun,сайт
loud,A2,adverb,громко
lesser,C1,adjective,меньший
understanding,A2,noun,понимание
talk,A2,noun,разговор
overall,B2,adjective,общий
wander,B2,verb,бродить
stop,A1,noun,остановка
mortgage,B2,noun,ипотека
wrong,A1,adjective,неправильный
profile,A2,noun,профиль
weapon,B1,noun,оружие
window,A1,noun,окно
sentiment,C1,noun,настроение
like,A1,verb,нравиться
striking,C1,adjective,поразительный
train,A1,noun,поезд
remember,A1,verb,помнить
lie,B1,noun,ложь
there,A1,adverb,там
parallel,B2,adjective,параллельный
revival,C1,noun,возрождение
management,B1,noun,управление
spare,C1,verb,избавить
thumb,B2,noun,большой палец
successive,C1,adjective,последовательный
occur,B1,verb,происходить
you,A1,pronoun,вы
upwards,B2,adverb,вверх
photograph,A2,verb,фотографировать
road,A1,noun,дорога
vessel,C1,noun,судно
query,C1,noun,запрос
variation,B2,noun,вариация
text,A2,verb,написать
living,B1,noun,жизнь
spread,B2,noun,распространение
scenario,B2,noun,сценарий
locate,B1,verb,найти
second,A1,determiner,второй
screen,A2,noun,экран
smoking,A2,noun,курение
reach,B2,noun,достижение
verse,C1,noun,стих
wound,B2,verb,ранить
undergraduate,C1,noun,студент
win,A1,verb,выиграть
waiter,A1,noun,официант
long-term,B2,adjective,долгосрочный
worthy,C1,adjective,достойный
upgrade,C1,noun,обновление
realistic,B2,adjective,реалистичный
mask,C1,noun,маска
store,A2,noun,магазин
lyric,B2,noun,лирик
smartphone,A2,noun,смартфон
mention,B1,noun,упоминание
outer,B2,adjective,внешний
used,B1,adjective,используемый
regulatory,C1,adjective,нормативный
marketplace,C1,noun,рынок
legal,B1,adjective,правовой
meaningful,C1,adjective,значимый
our,A1,determiner,наш
outline,B2,verb,наметить
snow,A1,noun,снег
through,A1,preposition,посредством
ritual,C1,noun,ритуал
online,A1,adjective,онлайн
south,A1,adjective,южный
other,A1,pronoun,другой
martial,B2,adjective,боевой
prospect,B2,noun,перспектива
legendary,C1,adjective,легендарный
pronounced,C1,adjective,выраженный
understand,A1,verb,понимать
military,B2,noun,армия
seminar,B2,noun,семинар
pepper,A1,noun,перец
rating,B2,noun,рейтинг
little,A1,determiner,мало
money,A1,noun,деньга
yellow,A1,adjective,желтый
me,A1,pronoun,мне
width,C1,noun,ширина
turn,A1,noun,очередь
one,A1,determiner,один
undergo,B2,verb,пройти
less,A2,determiner,меньше
secondly,A2,adverb,во-вторых
namely,C1,adverb,а именно
replace,A2,verb,заменить
portray,C1,verb,изобразить
open,A1,verb,открыть
referee,B2,noun,судья
suspect,B2,verb,подозревать
testing,B2,noun,тестирование
tempt,C1,verb,искушать
reform,C1,verb,реформировать
will,B1,noun,воля
ruling,C1,noun,решение
waste,B1,verb,тратить
straightforward,C1,adjective,простой
spine,C1,noun,позвоночник
supervise,C1,verb,контролировать
release,B1,verb,выпустить
surrounding,B2,adjective,окружающий
weaken,C1,verb,ослабить
preference,B2,noun,предпочтение
per,A2,preposition,согласно
outstanding,B2,adjective,выдающийся
pursuit,B2,noun,преследование
object,B2,verb,возражать
optimistic,B2,adjective,оптимистичный
local,B1,noun,местный житель
pen,A1,noun,ручка
tribal,C1,adjective,племенной
lively,B2,adjective,оживленный
uncertainty,B2,noun,неопределенность
price,A1,noun,цена
overseas,B2,adjective,зарубежный
poet,B1,noun,поэт
strand,C1,noun,нить
ongoing,B2,adjective,текущий
reduction,B2,noun,сокращение
newly,B2,adverb,недавно
wait,A2,noun,ожидание
midnight,A1,noun,полночь
support,A2,verb,поддерживать
process,B2,verb,обрабатывать
parish,C1,noun,приход
shelter,B2,verb,укрыться
tidy,A2,verb,привести
premium,C1,noun,премия
sentence,A1,noun,предложение
signature,B2,noun,подпись
need,B1,modal verb,нужно
rain,A1,verb,идет дождь
level,A2,noun,уровень
passenger,A2,noun,пассажир
nail,B1,noun,ноготь
patent,C1,noun,патент
restriction,B2,noun,ограничение
thought,A2,noun,мысль
relax,A1,verb,расслабиться
tuesday,A1,noun,во вторник
sensitive,B2,adjective,чувствительный
whether,B1,conjunction,ли
same,A1,pronoun,тот же
scene,A2,noun,сцена
scandal,B2,noun,скандал
nearby,B2,adjective,близлежащий
participant,B2,noun,участник
mile,A1,noun,миля
net,B1,noun,сеть
romance,B2,noun,роман
native,B1,noun,уроженец
session,B2,noun,сессия
restaurant,A1,noun,ресторан
risk,B1,verb,рисковать
sailor,B1,noun,моряк
note,A1,noun,записка
really,A1,adverb,действительно
to,A1,,(маркер инфинитива)
sock,A2,noun,носок
war,A2,noun,война
spy,C1,verb,шпионить
lorry,A2,noun,грузовик
valuable,B1,adjective,ценный
steady,B2,adjective,устойчивый
solidarity,C1,noun,солидарность
week,A1,noun,неделя
surround,B2,verb,окружать
spin,C1,verb,вращаться
less,A2,pronoun,меньшее
packet,B2,noun,пакет
line-up,C1,noun,состав
occasionally,B2,adverb,иногда
precious,B2,adjective,драгоценный
planet,A2,noun,планета
warehouse,C1,noun,склад
rule,A1,noun,правило
pace,B2,noun,темп
suck,C1,verb,сосать
whisper,B2,noun,шепот
tomorrow,A1,adverb,завтра
quit,B1,verb,бросить
marine,C1,adjective,морской
screw,C1,noun,винт
minor,B2,adjective,незначительный
north,A1,adverb,севернее
seven,A1,number,семь
protest,B1,noun,протест
outsider,C1,noun,аутсайдер
near,A1,adjective,ближний
somehow,B2,adverb,как-то
rush,B2,noun,спешка
strategic,C1,adjective,стратегический
paragraph,A1,noun,пункт
wealthy,B2,adjective,богатый
well-being,C1,noun,благополучие
upgrade,C1,verb,обновить
relaxed,B1,adjective,расслабленный
who,A1,pronoun,который
loose,B2,adjective,свободный
plus,B2,noun,плюс
polite,A2,adjective,вежливый
prisoner,B1,noun,заключенный
thanks,A1,exclamation,спасибо
teaching,A2,noun,преподавание
post,A1,noun,пост
verdict,C1,noun,вердикт
rank,B2,verb,ранжировать
misleading,C1,adjective,обманчивый
sing,A1,verb,петь
preside,C1,verb,председательствовать
video,A1,noun,видео
lunch,A1,noun,обед
request,A2,noun,просьба
operate,B2,verb,работать
upset,B1,adjective,расстроенный
raise,A2,verb,поднять
peak,C1,noun,пик
taxpayer,C1,noun,налогоплательщик
magnitude,C1,noun,величина
meanwhile,B1,adverb,между тем
nightmare,B2,noun,кошмар
rapidly,B2,adverb,быстро
schedule,A2,noun,график
